-- phpMyAdmin SQL Dump
-- version 4.2.11
-- http://www.phpmyadmin.net
--
-- Host: 127.0.0.1
-- Generation Time: May 01, 2015 at 09:40 PM
-- Server version: 5.6.21
-- PHP Version: 5.6.3

SET SQL_MODE = "NO_AUTO_VALUE_ON_ZERO";
SET time_zone = "+00:00";


/*!40101 SET @OLD_CHARACTER_SET_CLIENT=@@CHARACTER_SET_CLIENT */;
/*!40101 SET @OLD_CHARACTER_SET_RESULTS=@@CHARACTER_SET_RESULTS */;
/*!40101 SET @OLD_COLLATION_CONNECTION=@@COLLATION_CONNECTION */;
/*!40101 SET NAMES utf8 */;

--
-- Database: `user`
--
CREATE DATABASE IF NOT EXISTS `user` DEFAULT CHARACTER SET latin1 COLLATE latin1_swedish_ci;
USE `user`;

-- --------------------------------------------------------

--
-- Table structure for table `answers`
--

CREATE TABLE IF NOT EXISTS `answers` (
  `Title` text NOT NULL,
  `Content` text NOT NULL,
  `QuestionID` int(11) NOT NULL,
  `AnswerID` int(11) NOT NULL,
  `Best` int(11) NOT NULL,
  `OrderID` int(11) NOT NULL,
  `Ascore` int(11) NOT NULL
) ENGINE=InnoDB DEFAULT CHARSET=latin1;

--
-- Dumping data for table `answers`
--

INSERT INTO `answers` (`Title`, `Content`, `QuestionID`, `AnswerID`, `Best`, `OrderID`, `Ascore`) VALUES
('First Response', 'It is Blue', 1, 2, 1, 1, 5),
('Second Response ', 'Nope its red', 1, 2, 0, 2, 7),
('Agreement', 'Indeed I concur ', 2, 1, 1, 1, 0),
('Simple', 'The answer is 200', 8, 2, 0, 1, 0),
('many', 'i say 12\r\n', 4, 3, 0, 1, 0),
('there is only ONE\r\n', 'Curry!!\r\n', 5, 3, 0, 1, 0);

-- --------------------------------------------------------

--
-- Table structure for table `images`
--

CREATE TABLE IF NOT EXISTS `images` (
  `iuser` int(11) NOT NULL,
  `iname` varchar(50) NOT NULL,
  `image` blob NOT NULL
) ENGINE=InnoDB DEFAULT CHARSET=latin1;

--
-- Dumping data for table `images`
--

INSERT INTO `images` (`iuser`, `iname`, `image`) VALUES
(2, 'images.jpg', 0xffd8ffe000104a46494600010100000100010000ffdb0084000906071412121514131416161516181d18191818181c1c1c1b1e201a1f1a1a1c201f181d28201e1c251d1c1c22312125292c2e2e2e1a1f3338332c37282d2e2b010a0a0a0e0d0e1b10101b2c2420252c2c2c2c342c2c2c34342c2c2c2c2c2f2c2f2c2c2e2c2c2c2c352c2c2c2c2c2c2c2d2c2c2c2c2c2c2c2c2c2c2c2c2c2c2c2cffc000110800ee00d303012200021101031101ffc4001c0000010501010100000000000000000000060203040507010008ffc40048100001030203040705050702040505000001020311002104123105415161061322718191f03242a1b1c1071452d1e12362728292a2f11533244453b216436373c2253493d2f2ffc4001b01000301010101010000000000000000000203040100050607ffc40033110001040004020708020301000000000001000203110412213113410522516191a1f01432527181b1c1d115e12392f142ffda000c03010002110311003f00adc56c004a94c90daa741ec2b4d53ba78a6841dc2b8e171240042c95249be606333644708efab2776ae210a29fbca893c1a49de38db523cea0879460e724c97124369049546600cefcd71a54cdd17ae1920391db731611e740ba565f48c1e2ff00dccbfb352b47911194cfbf1e77df322bb6b65ab67bebc399ea5c056c2a7cd049de0fd0efaab18353ca4b492b52d30a0a09032130a04aa6d13f0b69466c627fd4d95603190de31bed32e44059170b1617b1040dd2470024006f91dff683ad0badbf2fd851b616d3782148610024acabad72422f1a245d7cb41ccd53eded9b8a75eca02dd1b96e293905bf0a6026e770931a99ab9d83b414a2a61e4e4c433d95a7498d1437653c7983bc55c36ab7cb8d2ef2389a56b30914accc09d50bec7e88e45071e5e750f7523b3e237f740e7565d24d9eb7dacad900833dad0d88bc6f04c8b46fd6adc7af5c39d763d7af46b0c849b55b7091b5858363bacdc7423113254df7e627e9ad5f6c0e8ba70eb0b5ab3a8696848b6b632543ca89e3cbe9f973a6b4d3f23f1e7e75a667114862e8f86376602d2a3d7af95546dfd849c4a402a2850d0ea23811be3c22adfd72ff00148518f5ebd77d007106c2adf13646e576c8095d08766ce208e2647d2ac767742d08502eaf3c5f28103c7527ba8a88f2ddddf9578ab87afcbebe34666790a46f46e1da6c05e09f5cfd5a98c5b0971252a12950820fcadbfbaa404e9e87e835aea19f5eb4a5dab086914506627a0e0ffb6e11c9427bb4a8ed7421d912eb606f8049f2e3472a31e1cbd427f5af23d7addf5a6f19ea33d1b873ad79a63666003284b609546f3a92753ce7d6fa7f12c25695254252a1041de39c6a69c83eb4fd05256af0f5f0fad2ecddab1b1b40cbc905637a1067f64e082745ea38091af953184e86e202812b426378951ee8220f7694789d63d7e82969f5eb77d68c4cf0a2774661c9baafaa8b81c206d094024e51126e4f3343bd21e8badc597595dcdf21245ff74f1e5a515a8f3fa7a1cb8d2c2bd7af3e742d7906c2a25c34723323b659f60364e392e0252a3fbd99248ee3327b8daaef6cf475e7529712b0977200b4ee240b806275f0a255279fd3d0a577d8fa11eb751199c4da9dbd1f1b5a5a4920accd5b0f182dd57914c7cebd5a780789f38ae51f1cf6257f171fc47c7fa406eb5fb592400339be91fb3e3e34f6c8d9ab7e08943404662214ab241ca3402c2ffe6a7e0362adc5071f4c0d50df7c5d5b8eeb6828872e91e872fceb0bab44c0c0f713cafc5230784436908480916b5ee78ab893f9d31b6365a5f482094b8832db83da4917b9fa0f9d4e48fcfc37f70d24d2956f5ea3be9609bb4e746d737291a2a2c4938e290b8636a323b0a88462523703a5c6ee66d1203fb1b6c87b336b496de41871b50b83c79faf193b47029740ce998ba4e85278a4ea9fe2eeaaada78071ced121c7523f66f8391e11eeaf73822d260f7d3016b8515008a5c3bad9ab51103c479fabff009aefcbf2f991eb4aa5d91b514b843cda9b7387b8ae60e9169899ab88f5a7f8fad288a2bd163c3c584a73d7ade4d32b33eb7fd4d393e5f0ff0014d2d3eb43fa7ae358981249f43d5e9a7de4a1254a202409249103f33f0aee21c0049d00b9dd1ffebad097fa8179d6d44b6105c8487490dc09214bef23e4379ad039a0966e1b4f6d5a23fbf93fedb188753f890d98ef05519a7cb7d217b532ff00bac621a1c54caa3fb644fc22aff67b8ebdff003ed289dcd368f866528d50edee92bf85c5270e8752e59198b8d8175280006429dc66a48f10e91e58d02f7dddf90bcc38d946b7e43f6a56071887012da92a831d93bf811ea269f52cfaf5a8f2a9bb5766a5c0b538ca52ea428a5d6d40683de5402018b82143be86362ed6eb84132aca954e920fe4445b5b694d8651282472dd5b062739a70d55b0efbfe7f39f85780e5e87cc834906feb4fcb952c1f534d56a5a45b87e7fe2baa1ebd6ff00857330f5eb4a51f5ebd5ab975a6d27f4efe3ce9526d6facfd26baa4faf5ba7d5eba913ebcbfc7e55cbad747ade3be961234fd7d11c74a4faf5c8f0af0b7af9f770ae589491e7e63c397add4a23d6be8d227d69e7f97e74b9f5eb870ae42b9d57a027eb5caf649fff00a23e15eac5a919ede3fe0c7d3f2af2bb87af9d0b9dab88ff00a889ff00dbd3fbfe34956d5c4fe36fff00c674febaabd99ebc8fe4a1ef452851e5faf3e3dd5e51f5eb7d080daf8a1ef356fdc36feeb52bfd6b143de6b4fc07c7dff8d77b33d17f270f7f822bcfe5cff4f977d2622e7e37f46827ff00163c2415369234fd9aae388edeff008d5cec94ed1c5ddb4a196f40e2d2418e2904dfcb7eb49919c36e67900226f49447400f822140f5ccfd7957483eafdfde4534df421c319f1f8837b8442011bc58eff853aae83220e4c562d2771eb647940a88e3b0c3ff005e456fb69f87cc2f7af5c6b84ea49006f336e67c38e9155f89e8ced06082c6212f8de87004dbbc1dfc88a8fb1f1487b11d5ed14969423aa65621b59d249365aa7406da6a69bc68cb0b98735766fe0b8e3c76107bff0069cda0f29d65cfbbb6e38322bf689090816bdd6467fe59e541bb3df212c65994a93a4c9b2bf0a547c81adc1c02220469e158b6c6c027ef4185ce50f94d891619c5b2991a6ea1c162c4e1da5529e491ee26ceed23f28fb6563b1092270b8850d4dc0ddc1e787940a1cda9b0310fed44bcb61d6da2a42945412a20240b7ecd4a17222dc697b53a3e865e058c32dc260dd282d6ba4c852775e4ef9cd7ab3da78d0c3485a52e36a51b80f38108fe28044db4cb5a23c8ecf155b857ad54fc224538edebb15b6dd5388c3bcea564a5295660a942ac3814e5922d1941bebbe817a2cc9eb15c10d253ce4f68fcaa67491f716c359df43c8708caa28495048ed28858008f6608bf3ab2e8b6c0755860f25690b7545795693053a2005020a6c35856ba5643970f11e211a9f5f95444431e09f5eb452c1b0d3d7e7c6969e1cfbfbfbc8e355988da61a5143c8536e0b9484950234041488293cbc78536adbacde4ab70f6163ff8d5218e22c05ea0c543f105729f5c3d11bff2ae9569aff8d6fc79d568db6c1839c09e208b69bc5872e34b4ed663feb37a7e217f8f90e1dd5c58e1c9109e33b3878a9e0faddfe0f1a747016f57f11c7f3a86d635a3a388fea1a6edfa1e152511b88f0f5e42868a2ced3b14e4797cfcfe7f95741f5f94efe74d9762c489f9fae14a0ab787c7583f415cb0392c181ea3e3b8d24aa2deb9ff009a4ad5afd7e13f97757873f5eb70ae441752bf400fadebd5ef2f38fa57ab912cf5ec5bb2a108b0513afba127ff0097c295f787226516565d0f1ca3e34dbc89cc7f12167e081b89916a77ad482a4d8c1cd3993c66759b1e55ec2f87b4ac421d49489476a771dc3e33f4a8cbc539394e491237f2b7f70f8d484e2916dd6b5d22c403d90a3cee2a33ad0cd3f88cdae3da6c5bc8fa35a575a2ae86ede65b4218c504a5482434ea80ca44981247648e7bab4369c0a129208dc45c7c2b157fb4de5804abd9cc51049312013ce995e0928717d59520241f65445c202b599d48f235e2e2fa1db338b9ae23cc7f4a98f1394510b740ab5a94bbef8ac3da75c94e5c43ca91a75cb4f0b837b7e629c4e21d85c3d8a2418480e3840ec8d48b6b27b8d43fc0bfe31e1fda70c60ec5b5135136a6cc6b128eadd405a7c883c411707bab1a776dbe85a92879e252a55d4f3902f6d15731c6a4e1ba5d8d6ffe633c6e5a5247c003f1a5ff000f330db1e2feabbdad87470451d22daf89c3e114db6a25c65c085b912a0d104b6bbf1100ab883421d18c5a97896dc599575a093304ce6bf9aa8a767748fef4a439950d6293288261a7d3a96e4fb2ade90662fa82685fa60c863121d650a642e096d49ca10b1a811d9226140a491335e8e15b96e32da71d7d77762e6cb4ecd76365a3b38f2546224090279c0fd4d299c6a94df69b28854412933be5304f99e754584da187da2c8cc1b0f245d2adc45e46f28249b5c5ccd7b149c3e09b53cea539e7b2da55099008484a5294816324c789a0e180688d57a267b3980eaa1de9ced60b74246884e5205aea32bf8651e268f36474b30eac2b6e905b13d5a5b8cca2a4db2a027dab5679d1cd93f7b52df7925c951294039524eaa2b5fb8816b6a6f131567feb6c60c9ea0231188b8eb2219687e0680b90391bdc93babb15878e5688c024b7b3d7ae4bce38825c5fb0453b5b06fe3920750db090652a7552e27b928b0046e2af0aab7fa13894894b8d2cf08520f81955fbe8536874ab18e99388581f85b86fc8a6fe64d3aceddc634525bc5ad61570870856e9bccf03bc51c387c5c4da8dcd03b35fba5196271d415643a3d8a5b810b694ca3de581d647248413bb8f8d15ecee8b605303a95baad0a9d4386799ce024780a19c27da26293feee192b11328250638df30ab31f69000ff00ed1d931625317d2ffa523163a425d08ff53e8a38cc2de7e28a17d15c1dbfe19a1c21201f317a8b88e8be1c0265d401730fb800ee9540a19574fdf70e5432db71a9528b8749b24649e3ad55ed0da0fe24a7ad7171a948294a66d0213aefb993ce9387e8fc713d67903e7698ec4c6df742776e25a2a1d40296d32334ab328ef515139a37004f1e35092eb8232b8e0fe727cb393e7501f52c68b2458fbb79510375ad5c0973b32b001137169b5b517b9f2afa38e26b5a1bba88ccfbbb215a271ef8021e5133bd29239c7647ce9e3b67100594855b42883a49ba55c6a916e383319498207b26fa6f9e75dfbdac44844712a206fe51b8d118a3ec4c6e2a61b38abcff005ec4ee4331fc4aaf55039b6920dd00f3915ea0e0c5d899edb88f88a92ca64abf98477a88f0d34efa7335898939ceee2ad795436b1ad81752d3c64732770e2695f7a6cfbee18bda7bf70a75851d15396485849001209b19d206f8bdea32527b44fe2b7f58f2d29a5badea4bb6d09cf034b49f0f854779f6a3b19d478665003bc9371dd585c172998b4008681d33a2770b1b93bbd1a8d89da69cce149cd98280de2f007ca7caa0f5655ed13c624c7c69c0234a5197b10929e6f688b0282981aa409d39d257892412990a93da3ac70205b481e0290057a2878856664db49811ad386905d037d31f78332076450512b2ad3c26f7b1f5f0abdc1f4b3128486dc2dbe8d21d4e63e7bfc66a98d21d062dac50398d7e8e1689af70d94dda38b6540a9387436b8b29b2a4c1e31988f85797875321b75602d6a164bfdbe79c00aba40ca3b5bd5a5aa37dde420851ed6ecb371a8d6929c2c214a0a102dec449e1ad70a037567b3cdd9dfba938dda8fbe32b8ea8a07b890108eeca8807c6a2845793ce9bc4af28b6a6b4340d028c92edd3914e30548ba4da6e93a1b534b6d6d04f5a852411624183dc74ae850e228c58594429a879b50004208dd700d888911a4eb524ac1eaee3d96f9e84ea7c07a355229ec3b802a544a75ed240278494930a1e46fad304bdab6d58f59d9d6c90900409d1240e3331e74f95663a5ed62088d7841ddaf2e753f64ec265e109c56555940109502131710124c4414982378122aaf6c10dae19c42710b3032b6d1d01de42c8dfa09d04c56895a744ee13aad465bb24d8459113c14b893dd07d5d3f79839412b57e14f6b96b946ea52766112712e7560dca126e775c09f213563b2b12d670db2d280227311008e27791487e2a87505fd959060331024396f973f0fda8c8d9ef39ae5693c353f90a9987e8fb49baa5678a8cfc2af3aaf47d6bca9856213a0ed2bf0a4152b9765326bcc7e2a5939f82fa08b0185805903ea928c324080911c80fcabd527eecf1bfddd7e2520f91583e62bb48cc7e2f3fed51c587bbc1035abadf64e649520f149293f08a8a1b73f1fc2ba039119931dd5f48755f1ca6baea96497a5e9100951494c581116e711baa1b385529d086e4f0cc520fce0c72ae8539c127babce92a1da6cf811fe680b421700452bd6fa25883bdb1fcc4fc8536ef457149f67ab508dc488f315dd89d2c719210f0538df123b69b40fe203cf5eea2c67a4b845c0eb92277a814fcc01487660764391a8570bd137d67b64369de45cfe42afd9e85e1b7851e3db206fe7e3e757987c5b6b8ead6955b72a77f234f0800eba0d67f0cfd6965c51860084ba47d1f61ac23a5a400a02677c0826fe7414ca7b001d08ad6369e1fac69c4120e6411e6237d654d0ec8eea269d12e5149092458f81a74900f6a72cde35f8835d9a7b1b9494e5d0a479efa2296c7006ca71f6820424c094a92667780ab9eff008d731587ec848500946a4fbcad62dbea32de21013ac2addd371e062baeacab5b70f5c6961a57b53e2a2119006e05777726c2e35f2ab9e86ecd0fbc56b12945803c7d1aa7518068f7a1b802d3027554937a3269abc889b655fbcd20a61412531a109368d3e5541b5fa20cba3f6690d39320a018e1040311dc2afd26c6e2234f217b57926735fc80e3f1a48246aa92015986376362193db6d440f7d0091f98f2aaf52e350a1e06b5cc5f65b528a8a1204e6e16d780f1e542182c1ab16aeb5e52d4d0512d25600916ed2a00998b56ba60d6e672c8f08657e562a3d95b3dd712579cb4cea55373b8c4f2b4f85f4ab5c23010921a48691ef38a893ba2fa7c7b935778cc195192a0942468469ba6e6263918f1aeecdd945e828eca3feb2c4a88d0e449b01c1511c8d48fc5070b274f5e3eb45ec3706d8057fd3f2ec1e1f354ede080360655a294095abf850667f89531441b3f622e0c24340eaa5f6dc3de0181ba0cda6c0510e0766b6d7b22e7da51ba8f79d4f769caa5658af366c71768df34f6332ebb2a56f60b5efe670fef2a073eca613e60daad30ec25221294a40d000001dd034e74f14daba05ea374ce76e51e50bc84dabd5d0dff000f8d7a95a22d562a4695d0377af5fa573c69526bf405f36931a7af5f2af445267e1ebca97307e95cb179274935c290751eb852917dda7af2aea87848ac5b4993874d8c0f0f5ad4ec2e29d6cf61e7131bb3e61bb72a47c2984f7fad29c48f97af5dd58402b29156c3db4f3aa4b67ab52d46c09eaf36f807b414bd4c109efa09c6e1d6cb8a4388536731212b1162646963e06adb64b4578961b4139cbc855a64252a0a52b90806b6ada7b31ac420b6f3695a5434237f23acf3a8a6788dd439ae31e75f3d2d515efbc02205e3d1e5fe68a7a69d1038001c42b332a56583ed209d013ef0a1726056b5c1c2c295cc2d34536a3a5b9d78e237449dd5ec313049d27d6b4a7b4e2770a358558f47300712f04db2a7b47818d070b5cf80e35a516e0408e1a1e438f1f9d56747b65a59692911988926d72624df493bb75566dfdaaa71c532d186d2487142c49fc208d00df1497bbc15f8781cf218ddcab3c56dd69b253994b58d52ddcebbed0931c48a82e7485c51ecb4000355ac4ff4a1247f7554b2c8488488029d15319bb02fa183a15b5fe476bdca537897316e756e04754982bca0f68832949926d3da2390a207549420924240173b8017dfa0df354fd1f2909527dfcc54a079fb24711023c3955a61d80f3d94896da20a86b9966e949e212215e29a8f10f2e7f5b60b238d9030968d495ec06cb2f10e3b211aa1b23dafdf583ff69ef3c010a47e51f4e439d2bbfd1aea7fcfae35e5cb2990fd9701cceeba06fdfeb8d2c0b7af5149f5eb9d7a690b57481bf75c6eaf2472fa7a15c06df1f5ceba9ae589797d695eaf13ddebc6bd594bad62251c27d0915c8f5ebd6b5d15d26353e715fa0daf9c5c3a9f3ae91ebf2a730cda9d30d36b709fc0927cc8b0ab9c2f4271cedbab43234971427c91342e91addcae54891afa1df48388427550f3a2a1f678d360ab178e0903f0e54f7fb64fca959b60e14582b12ad7de5f87badd2b8e0ec095da841c9c7a49cada54b51d024127c07e957fb2ba318fc4103a9530823db7131f055fc62ad95f6a2d3202709830803894a3bac807e755789fb53c6abd90ca06e8412478a957f2a12f90ec290d8e65693d15e8a3582055199d57b4e124a8ef226d69dc06eab4dbbb5dbc2345d74cee4a01ed2d5eea5037a8f2efac43ff001d6d15a8462159898012da2fc80c926ae768ed1730812fe31cebf6814c32d98cb8749f7d41202739e5fad4e6125d6e28c4800d15bf49f1ae635dc2e01719e7aec484e881ed25a91bc0313fc277d53bdb158525ceb30ab6160120216e2826f12a4659cb7f690149d6e285705b5b10cb85c6dd21c709cea212a926e7da075abbc274e7169cc4060930544b64136d4e5224d04b1ca0ff008eabe646a8388c3ab9715b170df7671c4a9d716da929cc92322a65472e552ae120c8cd22dc689711b11b6b06e04a528ccf3626209cab42609372330518e74318ae97e2df48cc5a480730ca8333fcca3afd4d57e276e3efabf6eeadc8b81200f0000483ce2b38533c8cc68037bdfe02ce246dba0b4bc53a12d951364a49df122fbfbab3cc1e27aa252e182b39c28e849baa79ccd1760f682717875b59a5ccaa411044f6082b17b8bce969d2821dc7c272bade649b6e9045940f3068dcc2452f47032b63717dd1e5d9df6af9274aecd0cb58a687b0e3adf2d40a9cd6d448ff00ce4abf89247ca90ec3bb92f7e2e948ddef5788fe8ab800660a3208d0830478f0e44107855beccdb0b6811097012544cf56b27841ec1dc2730d05a8719da083efa3c0fd0d4c42c1d083e34891848cae09e638311d60ea3dc4233676fb2602945b26c039d99ee26c7c0d5a36411a88eff56acf10a23424529970a3d9ecff0001cbe309ec93de0d44ec230ec48f34a760a51ee907cbf616880ef35dcdebd6ea0bc3ede79007682f5f6d227976931ff69dd564c74a13a2da50e69208e7ed41f854eec24836d54ee8a46fbcd3ebe488f37af5f2ae83556c6dd615a2c27f8814f966173f9d4f6dc0aba483cc5fd77d21f13dbef0a4bb0a4093ea3e95ea6a27fc57a96ba90db1f67d876939b158a213fcad27fa9449f23515cdabb13087b080fa85e424bbfdce18f2359662712b70e6716a5ab8a94547e35c65952cc212547824127c857db6427de715f339fb02d0f1ff006aaa8cb87c3a503f7ccf776511f3a19da5d37c6bf399f524706fb03e17f8d270fd0bc72d39beeea4a7f138a4a07f7907e1523ff09b68b6231f846cef4a545c50f04803e35c1ac1b2c25c77434e28a8e6512a51d49327ccd2628ad380d9291dac5e25c3ff00a6d6507fad26a5607676c779696d2fe2db52884a4ad29824d80b238d167ae450e541553364ecb7712e0699415acee1a01c49dc39d192becd168797d6bc1bc3223f6aa8cca169013300de24efd01a87b5fa46db4dab0db3d0a619165ba67ad70e9726e94fc7b85ab3897eeadcb5ba905e67650c8ce5c463cd94e44a193a14a78abd18d2a915b354a0b75d515baa04c93378f9eee54ad8784119c8e49e438f8d5bc5492cf95d43eabe8303d181f17124e6341d88442a493c085784579272aafa7b27e63e063c2a462d8ea9e28dc7d9ee374fc2de14975b07e5f91aaeed7cdbdb91c5a7925b4980070b54650b08f692629ec32ed94ea2d5ec423def3eee3e1583741cd38dba410b123e878f222f4eb2e2ca964c2f7ad26048e3e6409ee9d699645cf037fce9685149044129e22c771079116ee35dbe89914ae8dd614b6b0987598cb955bd2490478531b45961a2075654a37893a5166cec3b1896f2b890a84852544428a770241d4105277efde2aa3a5db01b65b496828a94e045cee20c0f302921a7351257acec630c7a46dbedafc2185625bdcca7fa955d4625bffa50792cd6bfb17a0386c3369eb50979e50b95c948369848dc3cf9c551fda636d61d9434db684a9d54929424761224c401124a66883c134079a90c8f68b35e03f48218c7a7729e478850f8d4d18f5031d709d21c4149ee278d49fb3dd84ac4bea5a520861214028db393089e205d51bf281be8fd8e852c429d01c2798205e6f23b464cdc193989ce6ca190460d155438d980b1f91f9400c6d059f750bfe05dfc8d3e369a47b685a3bd323cc55b6dee84113d9cab371945872e31332493bf582b48f60b0e5599014e36f3765a7348d602803620f7d8949f6544a4380c76a1591f4ccad3d627c8febeeac98c5a15ec2c4f2226a532b28248b7758f9883f1aa0c6e19c061486dd074310ae312220f868469314c32e1094a93d6a02a40821699060883704122dcc71a59c29e4558de978a4d1e01f2fbe9e68bc635cffa8bfeb57d4d7a8613b497b9d41e65b57d2d5ea4fb31f5ff0013bda707f0798fda9d876d84416b029320c2f14e9546e04a1309bc1dfa2547413443b1b0db4314ac8d3c9c3b608cdd4321b094c4ff001673b93360413120549d95b14baee44d8c665ae3d84d8cc5fb760020c8197786fb5a260b06965096db4c01c37ef24f127524d5b2cb9741baf94632d5035d01c21214ea5dc4285a5e756bbefb4c7c2ad709b0b0cdd9bc3b681a486d23e3156e9300d78dee0d4a6471dca7060409d2cfb3b6310da94c36969f03b253d94aa37280b5cda62843646170180421e5e7c46326cc14c16d6930653709823da54ee22b675a8eebe96f5ca8236c6c363fd4db5bad6618a4144ca80eb502526c7de6e47f20a74729aa281ecad4210db5b4312b4ab118b22f286981ec02743075220c93781035a03c64e9727da24ea4f1ef35be6d1e80e05d09fd965833d82524f19379a01e9d7d9e8c2b2a7f0ea52909f6d0a209034906d227d1a6c72b0e8125f1bf75558010da00d328f953caa6766aa5a41fdd1f954850b579eff78afbd82b84daec1f6435d2473f688e49fa93f9f9d711714ced4339a754a822fc81bd7706aec8f2af4dada600be131cf0f9dce1da93884e52143b8d4910472349751208a6f0c77788f5df5bc949de94ca6094f88f5ca9d2292a1715218d9cfb882b6d199239804de2d27d4572eabd95cf43952bcba64248e695085a7cc24d13ed9c3175a5253ed885234b29273274e623c687ba13845e752d495222120104198336b7111dc7c4bd415024936d6f13979fd281c7555307575415d32e932978cc2e2db2a195a428267456750751df6ca6a6fda9ba1f6b06fa0cb6b0b83cd41047c01f2aaae9d6c62da83c804a144e6e09571d0595f3efa8db331bd7605dc1a8f69a3f7863f941eb1039e52a50fe6a300684724249d415a67d8fecb53782eb2c0bcb2a9df03b29f0b13e34789498d2ab7a2d84ea707876cfbad241efcbf9d5b278de0709af3a436e255ac14d0985b7220c1e46ff003a00fb43e8fa5a4a71aca2ed48791165b675241d48924cea0aa4d68c177efe34d625b0b0a4292149502083a111711c22ba390b4dae7b730a59a2b6625e6bb07324a52b41992a41f66ff88289126f752b52285364350b79a56b25472eb291da290342b4411fbd93851df44b06ac3addc113270ee4b64fbccba3326091a8566f111bea83a7385384c4b5894dc2946dcdb3980ef292a4ff0028abd8eb25bdaa378a1995462fa37996a3d6e19126e959bcef3afb24dd3fba535ea383b2f04b853896d4a81756a520423fb32d7a878c5164449b1f67065bca7b4e28e6715f8966c4df448d123724246eab245ac66ba9e206b59e7da374ece1cab0f8623ad8edb9a86e7709d57f2a91ad748ea4f243422adb9d29c2e0fb2fbe94a8fba24ab91ca893e34ef47fa4985c603f77773e5d52414a873854183c74af9e1a4a9c515a89249b9576944f124d5c745710ac3e31875260e74a0e8014a884a81f0363c62ab38501bde962424afa102b9fc285fa7ab0861bc45c9c3bed3931bb3842ff00b546f44dd6fae1e5437f6882767626dff976ee041fa5491fbc131e3aa8771fd2bc19513f7ac5249930dbe8ca2fa00926078534ee2f0b8a429bff0050c6e45a48505a42931cc96beb5915586c6d9189c41ff8669c59e2810077aac079d5e62685307928fb05d082a4ff00c2e39a7102e33201f8a556a8d8ae8ced06ae5a43a91bda55ff00a55579d08e86e31a790f625e002411d583994a0772d51700df53c88a3eeb801c7bbe1ad4721175a157c38a9d8347114be77c5601c70b802541c0e496d42171975837b7caa36198520a90a494a81b835bb748b61b38c44281438932dba9b29246f11a8e46b2ada9b35f716b19417da3d5ba916cd1742c7f103a7315531f9852827692493cd53488b5434295272c764f8dff005f9d4e7b66e25285294d14252249572aac6d6537179f53f3f8d3004b8da01eb290ac5d8f6483eb7d68dd1841461901420c0d3e7bf9f99ace53880bb1040d277f971d7cf956a785656a2db0c94e72992a54e542458a88d49b8005b7e91707ec9a18d69ea9b4f29c02e4da3970eea8a769b798a42c2c83eca3b447837278d12e17a26c0292e053ea1aa9d322dc11ec0f01551b73676d269197065b2d824f6000edc92076e5060dad1a5852439a4d232d23551d6ca9e4140c2bca4a84429b29113ffa8469b8d66dd20e8fbb84792858212a3d93981b18b12936201bf1f9276ced0c5870a310e3e958d52b5ac7c2408b6e116aad65c256993aa87cea96b6b9a539d6bea6426123908aa3e96edd561d09432017de24202ac1294dd6e28c1809046a3550b1b8abf697a4e9f5f0acff00a6386388c7754a9eac3282b3c11994a526d701c56507936ae35e5d804b8f257869750099e8efda527af187c4942b31ca1f6c9cb24d8281488bdb30915a477d641b7fa3cce213086d0da80849488f0206a28cfeceb6cadfc2843b25dc3a8b2e73cbec2afaca62fc41aecec95b999a56e8e48648480fd8ecb9d294f518cc262340e66c2aff008552a6e7b9608e17a85f68181eb702e285d4d43a37ce432a1dd9736956dd3bc097706e940971b01d477b6a0b1ff691e34b6dd18a61303b2eb60f8293f2bd3d8ea0d776295edd48427d19db187185683b933a414f6a098492949bdfd902bd59ca367a345ce649283fc84a3e95cabbd9ef5b52f16b45b574d7a43f73c2a9698eb15086c7152b43dc049f0af9e9c74ad5249326493bc93249e64d1e7daf6d6cf894b29d194dff0089704f9263faa8058412a006b41876656fcd1c8eb72b86040134b5a65247afd29015ebcfe34eb69aae9185b97433697de304c3a4ca9480144ef527b0b3e60f9d47e9f98d9d8aff00db23e42a17d9528ffa7a4468e3801e5d619f8cd39f692f7ff4f5a67db5b681ce5d4c8fe99af232d4b5de9a5dd4fa2c6fa1bb3dbc4635869df614bed0e300ab2f8c478d6dd82db8939929096c372320000005ac62047d08d41002d7b310d252e34d80e3795688b152927345b72a23b8d4ae93ec77d6afbe61121e69d09772030af65311eea85a771ef213143e9c45a436da3446cac4156ff3e1eb7545c56310d8ed28776f37811be49b45660de3769aac861c13bd5616362260022fbf523704811f16e00a0ac6e2c4a4ff00b1863997619402a1d9488b6a4dcef5135dc10b78851d2ba41d7bcb6b0c404b725d7cd90dc6f04da45eda76784d0e6171c315b41fc4373d5140425445d5940055bb53eb5aa64e3978a29c2b490c6185fab4dc9b8bb8ab1513ea75a2fd9f834348ca8102fc05696e5597687fa7b8ec8d068092eefe094e526d3bcdbba6b3f0a23f5ad13a71b37ac642c405340ab769a91f01bbf4046dcc8a4a88162091ca66399a647eea5bf7579d19e8f29d216e4a502e246a79d1be3316e61bf6ec82aca323885400a4cd8850929209d608be94ac16212b4a72194900883dde3565b3dc4159438127ac494428885037220c4981f0a539daea130374d131b37a7d8751859530b33d972c99fe30728f3145b85da416029b525693a10644778a00db3d05332c2ec67b0eeee002849fea07be8755b17178625696de6a0fb4c99498df08991de91466189e2da7c50f15edf78782d6f6e6c5671ed75788419f754042907883bbbb43584edfd84e60715d5397850521516527358dfc88dc456a7d03e92b988eb1a78852da00e7000cc0cfb4058281f98a87f6c1b3fadc321d4895b2b8b4ce55a492071ba527c294c0e8df90a3710f6dad29b55879d02b789eb158878eab7940724b64b491cc1cb247ef2a8bf67e2438c36e24e6050140c710280765bb3856a75227c4924f9de79d79989d195debd5c18b9025c1ff003523a3eef558e499213894969638ad00adb3c8e50e27ca9a42ad51368627ab407663aa5a1c989b2560aa3bd19878d2b0eea900edd17a58c66788f76be0b4d52330298b10441b820ebbe853a1ae65c225b56ac2dc60cefead6529f1cb074dd45b1e543fb15beaf138e68dc1712e817b071b83e19907ccd5cc34d21782e1a8588f4f70ca46d0c4044e52bcc3f992167e2aaf56bbb5f6175af297d9bc6bad9206eeeaf55ad9f45298b559f749d582eb5c79c7038ea9525139c48810034aca9102214e1d2871dc5256aec232278587fda07e74ce1f6738e153850aca092491035e26d1e34953a9458107b8cfc6a98c521b3cd4841bd39d604f97af0aab73157ec88e7bfd6b575d07d94ac4e31941132a0b5cee420e633fc5013e344e7d0b5a1dc82dafa19b3cb182610442b205a8702a9591e05445537da32b39c1b03da5385d23925247cd428d826b1fe99f49109da2e95665069019481bcfb4bb9b449093dd5e6c40b9e4a74869b488922d23eb55eee194da4a5ac438c364dd295a9205ef1364cc9e14118fe98e217ec656c72009f355be1544f6216e9ed294bdf7255f3aa84679a497a30c7a70cbbbf8d53dc41714e4eba0493e80a12c6848717d44a9b9194917d39deb8d611c3a215fd2697846a249eea3d82538abee82f65f2956ab498bef17f94f956839b5de37093e3a8f53594b38cea568588252640e3ca784135743a7ae5e5945f8295eb7d039a5da846c70ad515edd772e19e30090da8e80fba7ea6b2a09f87af5fad173bd3b2b4942f0e085083fb5d4441b64e141ae1b9cb206e13344c690b1f4528f64c8b1f8fc2acb0fb5df500de65382d0955c88220856a920e841b5552524f135ca3422d6a786db18d6d29328c5371a2fb2e2788cc9b1e1988bd5b613a7081fefb0f3263f0f5891c7d8931de2b1a69d527d9253dc48f954c676c3e9f65d5f71398792a452cc60a30f216cec74cf0267fe21020e8acc93e4a02aa319b6538d7021a04b024e62080ab148ca089ca24998126234319eb5d2ac40b2b22c6f0a4d8ff4117ab8c074eb2594c00379428cff0076b7e7be87855a8459ed69df678f838060048ce94f56a20449428a35dffa9a036f1bd421569089907836f2d0bf24e531455f665b4db79bc4253a07d4b4022f0b485785f350bf4d58386c53a63323375c53f89a74043e34f75c4a4ff3546f602f2d2ad825c94e4fe1768b2fe8b6d601cc1398a143be6f207003be93b49e65414c87e14e2140a14a060106483702d27b4b1c62d41ef745d465685a14ce52b0b9bc44c471aacd8ca8752418b2a7fa153f0a38f0b1eed3b239b17368d70a27bf75f406cfe9124a1326404895d8a74d7303d5f805abeb4bc1b83efab70190eb0819b41285aec09106cbddade98e8b6cb69dc0e156a4428e1db19932857b207b68857c77d318dd9053886db68d96db8aed48ba0b600ccd14954e6d5617a77d0756c84837568a148fddf8fe95ea1e6dbc5a06509200b405b247815340c7857ab3277adccb10c6edaeb56acd9f2a899cebcc75240b002049ddc385407704a9b104514f4d3a0efe1df71c6db2bc3a895850d120992956f113038d50e0b663aeab232cbce1fdd0a8f38103bebd36b9a458529b3a15092c0172418ddb8779fa6fadabecc3a3aac2b4a79c490f3d162232a77020e877c7770a83d05fb3a2d292fe31292a1743420a52772947de50e1a09df5a32c1a927981eab5363656aa0ed9da230ecb8f2a025b41511c6058789815f37b6ea56b52ddcca52d45472a8264932abaa77d697f6cbd20b270482372dd8e03d849ef3da3dc9e35945330eca6d9e6952bacd220c1ed3c223fe5d44f12a06fe22af30bd26c1c8969484c47b2081a6e07bfca812ba0534b01419a9681b57a42c750bea1492b30916ca44da60dedad0915c240b5adba4efbf1d6aa8d4ed958653ae21b4aa14b3009008d09bda775664a085dd65cc5dc69106a2015a2ecde85841ccf2fac23dd02133af8f8d4e7ba238652a7ab22f1d9cc902f1eec50f11a3444d8cd2cb62b86b4e4742f0c07b267f88f0e0557bd3e3a27864ffe583ad8c1e1c4fabd6f15a8b215963682a3090493b85cfc2acb09d1f7dc884113c6dba7bfe15a6e1765369d10911b824daf1e1bfc854809d123701f9f0f534265ec5b9101e0fa10b57b4addb8445b7ccceff2ab34f43984095a8c03aab41dfba8a5c46b7b784cfd069e7401d3f2e75a9927aa291946899bcd8189d2b9a4b8ae200564ac1ece41852dbfea9fa579184d9aa20071bbfef472df1ca80a6bd34cc9de873772d7ba1019c2e31296940a310928b10405a2569d09f7738ff344fd37d82714d05369ccf359b2a4e8b4a842dbfe602dc0815826ccc729875b791ed36a4ac738331e22de35f49eceda21e421c47692b4858ee226a4c434b4872a2175e8be7d7b603c6433996d93a4e5293f85495110a15d1b1d4c216e2fda0852401719940a48077e54e624e83bc56bbd35e8f959fbc300a5d4fb592015a74df6511a80a17d2450833b30e2d419415b8b5f656e292406513dbec900255168892681b8971347eaa810c641773f9fdb9ad43a3985eaf098741f75940b710800d40da2e14e370e012619789eeccd0d79f1e468850d802058010046edda5096d0c7253b43290494b6940363fee15a88e461b4efde28182dc529c69aae89e04d801ef6e11b8d7aa955b7db4db384f2244f8e6bcd7a99c32979917a93e5a520363b870e35d7fc857a2081494d4922d7aa4e96f489ac0e1d4eaeea232a113054adde035278546e9bf49d3806b3e452d4aeca533027999903ba6b08db9b65dc5ba5d7952adc344a47048dc29f0c59b53b253e4ad02631f8b5bae2dc5ab3296a2a51e67f2d2989ae57aaf52aed76b915dae5cb82acb636d6561959908413c54093dd636aae8a9380c1975c4b6920151804e9f23587bd6ad6f60ed24e299eb40c86e20806082058f0ab4098d33458fcf81a89b07660c330840d0a6491bef24f7cd4c2473d39703caa2755e8a8034d571d66c78739e1ddce9ac90776bf58e14bb1278470bea39d29c23cc73e678eb58b69464aa385bbb99dc7d4d06f497a565952996bdb4d94a3a0b6804dc89d4d1c389233099813f0beb359c74f362842cbe93ed2a140fe223516df4d8a89d503eeb443f8adb58873db79c23f8a3e515014b26e49278d726bc6a9a495e8af572bb15ab17856bff637b742db56157ed35db6f9a09ed0bfe1511e0a1c2b1fa9fb176ab9857db79a30b419e446f49e445a972333b691b1d94dafa652893a5abada02470f5caa2ec9c707d86dd48212b485807500898b1a6b18db81599b5ccfb8b16f0526e9feeeeaf30b35d55b7a2b399373358d6d7da8578b7d695024adc8dd01195b6fbc12daff00aa8f76d7493261710ea410a692a045bda8b41e1245e0775616d624949e26d3c92332a7895286bdfc6abc333729133b64f62d95b8b52c6849fcabd55efbea0a202888b795bf5ae55f4149aaffd9);
INSERT INTO `images` (`iuser`, `iname`, `image`) VALUES
(6, 'index.jpg', 0xffd8ffe000104a46494600010100000100010000ffdb0084000906071413121514131415161517191e1b191818191b20201b1d1c1d1f1e1d1c1c1b1c2228201a1e251c1d1c22312125292b2e2e2e1d1f3338332c37282d2e2b010a0a0a0e0d0e1b10101b2c2620242c2c2c2c2c2c2c2c2c2c2c2c34342c2c2c2c2c2c2c2c2c2c2c2c2c2c2c2c2c2c2c2c2c2c2c2c2c2c2c2c2c2c2c2c2c2c2c2cffc000110800c2010303012200021101031101ffc4001c0000020203010100000000000000000000050603040002070108ffc4004110000201020403060405020503040203000102110321000412310541510613226171813291a1b11442c1d1f00752233362e1f17292c2154382d224a2161734ffc400190100030101010000000000000000000000010203000405ffc4002911000202020201030402030100000000000001021121310312411351610422327181f091b1d152ffda000c03010002110311003f00584a33931a1655355c1de5a349f500617b239a6a75d081652615b786dffdb072941ca5359806a036b7c4805fa8906f80d9a40b9aa5bde354f5982079623f241b5d3f81aca8ab91cc8513035473b19f9db0b1c36a20a5598103c03c31cc19dff9cb0e5d9bcb8ef2a2c98a9a963d309bc4724a94ab00d2cb5026d11d4473c6e4bb0f0a8b883e9535ef03a8f09361d09e57e982f5ebb1cbd46bea2fa7ce00fdb0151b4b6900159dba9ebe58239fcb9ee9419ff118c4136516b83e7cf138afbbb7c157f6c7afc96382e5f4e56a550596a533ac11bfa18e470dfc273b478b50146b8d35d44d37e63cc1e63a8c2cf0ccb05cb555527686169d241991ed38abc02b301aa9f85a91d4189de6d103ae29d9522586dc515bb45906a357f0e478a9fb6a244922779c6bc1b873d5a9a429f0dc906f3f9463a1e7a9d0e2997ef0954cc51b5e6e79a98bc1ebcb7c2d70d6140b3b02a07c4473607c2075bcfb4e2739756856da16f895326ad526d2e76e4a27ec23173299c2ba16997150a92ad3b0fc83de36e8462114d7bf8a8d2a01300dced023ce71a820d6051ae183303ce390fb619669b1d37a63b6432b42b674b06d15550f78a7663ddc0641ca39afb8c6704cd24222b9aa4161afc4a174ec62c24813cf031a8b2663f12614833137279feb82bc2183e693f0c94fb9ac0bb211e246ff00dc5bec39e1d3c8928d310fb6195ee2b3a010598bcf935c0dbcf17b2545555ebb18d14e14c6ecfe9ce3ef831db5e1c731ddb2fc61ca89200d372649db4e9dcf53805c7731e1a74812206a205cb31dbe9b79460bc168bb5630f04ec256fc353e209503c7f886900da82826f23e22636e40fae28d7a92d5b4b3789cc3037dfaefcce3aaf61aa14c9d1a7a816a634381f95be2d2de60300701f8df61f5f79572604b12d52913b1e653e47c3f2e984bac196ace7032e29c4cd563789e7fea332712f12cf22242b29aefb98f854ec07207d31e672a014d9475236827f6c08a9907aba1b41123e2e400b4b36c0799c2382f2c653ffca28e6d09668b99d80df0ea2b0a192a193ac87bd626ae92042c9f0ea9239636ec6f08a4d98672d2b47c756a412348e4a48173b4c4fdf14f399e6ce671b5210d55e1094f857f2fa00305cda8e058ab9d3d10d3571976566d459f9ccc448b1c4b935d193b8b0cc441f349fbe1af89700a54e9c696734d496624f884dcc6c08266dcbd30bf9f2b4f2b4428957cc19d77111a46d1606303f38531f119e05acd719a8cc403e0d3a749020099207493bc5ce2ef6572c9533340410ba89b9e605af69831882a696a8cd5134898d2bb9130b2391db0732592ee3334e98b128609df51dbea0e0c29524172ecdd8273d9eac73198a8c0ad3a8e4b5be2d32009fedf2c455e995a5a94323d43e25998589b930013bc6e2462e50a7dc505aaca0d46034ada0ea9219d7f319b81ced38a75753d35772de3249316041bcb74bcfbe1dcbcb0257a057e0b41624977e404c7b9dfedeb8b195cc0469b0830c1479fc426d23718de8e58d49d1539401040620ec5b606369dfae3de37c0aae5ca8a912d0d320448d893107ae0ed8b7e062eca70f156a3d66219169b4b6a327531b002ea63945a70af94e246933e91d666083d6dc861932154e5b8797177ab30c39696d200b5eebbe15f23c39aa067728893e277317de028f1337fa40f58c14e84c3936c3997e10b5516a54cdad26700e89f841161bdad18cc08a89930483df922c4ea559237f0e868f4938f30287b1e389d1eed28245fbb4323c8b6c7df0b9da3c9e8cd025f906dae3ca306f8c506a15a85104942a42cde2402403bc4f2be29f6c562ad076bca7da305fe2d918e1a5f01de052a69b78b513266399dbeb8a3db8cad3a46a8209351f5d8d81811eb7c11e08baf411044867336551713d4d808c05ed3d57ccd5a8e0f803003d0017f7c2ce6946c449acbfeec5cfc3bac190fb418811bed8bfc42b42213bdfd81da31e54ceba064500ab58cfdc1e471678c50462aa182803d7d7e58e65c98cf9077f5234c25d8a0b198617210c8f59be0170d844ace7e222c2794e09f642ae9ab55158aeb43fcf96066429b07aba65a0101b94cc5ff006c192ed048a7d2cd45e81a3886864651ce48eb7e631d2f3f911c4f2aad4068ac976a66c5ad61e4636c21f0ce1a8d542920b2cb31371613b618d389d63556b51601e9ac545802798f581688b79e2b17171af03cd7601d6ca0a6de2ff32990a54c73fee27683fa62cf05e060b8769767603c221500337f97d30e15b2b4b8b53ef68e94cd269d40fe6d3c987d8e00d4cbd4a755a9a06908c6a16ea040451c8499279fa0c6aebb781a3255488f3344492cc8d51751f0b06eef519d85a4626ec967e9a3b25c88b19886fca4dee1898f7c52e01c25916a0660acc34888850799e5be217e12c28c17594682c09bb1bcd97611027d707b56505a527437f1acaf7b48d43700b328833211bc26797a796032e5b2a85732976eef511a640363af51da01803afa619f259a2568210a1b4967926f006e3659623cf0bfc7b2f493bca6c5956a2ca00648d8ac8e6754db901879e94c4834938c8b1fd31e245857a65e4b3f79b47286ff00c70fb96ce9a6fa81dee7e707f4c729ecd54197ae8f78034b1b6cdb9379dfed87fe3f9b14a92318d24c023ce0823adc6d88395e4b71b5782ef6b3b2547380bd1ee92bdc9910ae4ff745831eb077c732cf671a9d37cb570693a900851b7941b1b7318e9390e28ad4e6600dfcc6e63afa73c5fa9c329670d23980a4d260d4df62409857113a6db75f2c6fccd35285f5397768b2ff0082a032a8c5dab455cc293717f0202208b5caf963cec8e54ad657a8aa4a216d207c0223c4779bed897b55ded1cc556ac22b162c498b0e5a7935a3d0463dec9e791c5783a5fbb045b750c35dfac45f092e4937491cfc56e9b0be4b8a86a9419f66ab5a9b06e8c80dfcb97be0476ef819a34a9a52f152f1006448332018d88ebce301f2f9c069a349319959049240a8ac927feddbd30ef5abaa87a55c1ee1cf8980f80c03af6303af98e86cf95a3a6493498abd95a134ff0013554014c4c1bea6161f506d8a54b88d4cc6696a10abdd91062da54ea24fb4fd316b8ad2fc1d6fc3b3928ebadb785a906083b10c05a36c02a196774088d2ce4b691e4663d604e291d89b8d963b48ccb5eb82d3e3b020c058f095f45818b9c3de88cbd300024fc6a7f37989b4ee3cf1b76d728f4cd3d67c6692075d5f0b8400823918d36f3c5ce0395a3a10aab549001b4c31fede7fce58972b6b4538a9a3cabc2c54461495379d200e9d05b54607523aeb53574ad50a290875dd400750258111279ed070cd94ccfe11d9bbd0e644040091abfbcc10a0731e23e581f9dcce61b36101f0a34b2e9f0d88627a9b191331c860f1b7e45e47800f6a38cb8aa69787bba7e05a7a7c23ae98da4ffc605af0fa8ceba405044a91d05c9f6e64e2c714cbb54ae40b876d422fb9816b99f5c156634d8a3280478554ff006eed7e5267fe31594a95924eb40aab965524406ff5168266f318f3059f813312ca0007932313f3020df9e3dc47bb13d47ec12fea65534aad2286e1b50f2b01f2c0dcce712b53cb54a93003872a0498830317ff00a96dff00e4d291f3e78a395cb2d36a14de0a3b330371a4b08e7f10dba5f176f2d032dafd17b83e646649a6a9dd5048229f3627fb8f4f2c57e379834ea1000927689b01171e67ed8b1d9ca5a19aab6d214cdac4c09fa62af689dd6aea44f8fcb68b01eb11894e5db8f04391caf00d6cb2ae8699566008fed3cc1fdf11f1ecc8a958aa80aa961e4317785506047783c2e7c4bce06c7a8be04f11cbaa55bea69248b588fcbfef810ead7c95e3838b4a5ec5fec8e602d6fee73201dc0b7d705f8bb8a2a28830d50f78da62d26c3f5c06ec83e9ccd2044b3399e9b72c1aed2709719a240214c056dc181716e60fcb0d34ba95eaacd727415519808350c6dc85dbe64628767a9bb66264993103cec49e98d91d4d46b901148551cfa9e826fb7962e70eaba1d1e4c548207a1bcf9e23393ac14ead651265e9d6a23bd5a84322906fc81dbcf0d55727f8ba02ad3766720070601205e27909fa612389f111dd8899284981b4cc893be08f06ed4a652a2028e17bb50c45d989132413077c538bb3b5264da6c9cbe8a35225c9782db4902c146e146de78f6ad66a9440587a89a75806ca46cd6e8371d705b8cf0ca5510d6cbaeb5632e14dc13be91062fbe173872352795054c9076920fa611c9c1a8c8ac31bd9b64388d4ad54d3d614d2d452d00ec20f59ea70738f522512abd25d4090f79deeb047299c07ca66132af4dc105d998916b27c2249e64f23d30f1dcbe632cfa615dc4a447c4b7598da488f7c744977e37139b9d5e45105034156f081e18998e876373873e359719cc9a85b0651a4dfc2e040bfadb1ce69e6dda66a1375f5060cfd7960b706e3da15a83b3433784cdd589fb639b8554686e16ead80f21c5ebe56ae9a81814b11e5d7db17b31db8ada81a6223eb791f5271d0f2b4e93b69cc2aea02e48de39fadb16b2fd88a2d5056a881145e9a90267fb9ff0041cbd760cee52b1733195abc572c82b53d0e97a6d04933b86e707a604f66bb099ca752a3b5164d20aac5c3cffe3f5c75b6ae292965591cbd3c86e77df03b88f6a45103bc8d6df947207627e983dab2c57c372b58386f17e0a68d1cdb4b029dd102379789f6be1938971a6a00d455534ea2899f864288568b89d44c8e98b3db2cf51af97cf1a6c0928a4a8e4c18169f43852a7c7cad3a28fa3bb7a4036ab831e1923adbae2f1ca42493d07388d54cf64352b2b56a220893210130972490a0589127df147b139226b4a82c285335345fc6f6d2a473b818a3915197a89a5e7bd200511e2530a66240d2a773bc6d875e1b9403bf544d08aa86013e2627c5a9bf38d2008b8bdb074f04e6fedc0bdc4f220e5d7f1151855ef0b3045d4d350c4133a54c81b9f6c0ff00c494514a82f76b7046a25dbacb5adfe9503df0c14334d53355a9423225321600f264f71185457d6ffe5858925c930a27724980313e4b749129de120c64f2c2e0b85d23c43cc8e5e83ef8bf4a6730e41d294b4299b92d0098dec073c2f50cc1bf7418cc97ac776dfe006ca3ccf8bd307384d5fc370f6d74e7f10da98932c74981720cfbf5c6e2853c949cee2a22a9c8d47cc777489b1be931205c8245f0d396c8d66586aab440904280b61c8bb4b9f98c03e199b5a5de3953a9958fa0b74e5303e78b393ed16bd09a761e216208f4c19ca5a4520a37936abc1e8312599679cb137169920ce33037886628f78da6b189b58e330bd6637da1dedd9d59ba1200961179307e9887b4b4bfc69d4c0d3d111b013bf9634ede38a798a4b4ecbe1681b6fcba0f4c5eed50d2ae48935742a81e40927ed8a4d64e44da68f32949c7781c882254752181918f3b5944a54a67bcd2a499bc79e06f0faecd45c3a925082ad3ca67e982fdb373528a38504104127d397be0f45d5a025f7f60164aa29a35ab06d8c0f39df1370ca88f4e1885563a56a30ba31f3e40d84f9e25195a7469d2a0ebfe62a923ab1131f5c0ee3f9b0e569aff0090be062a04cf26fb91d4623e9a4d5178c137d9ff0006ba051ced1432ac8f7f59dfd0e1d3b4cec5de92378ea52d54bc9f66f495007ae16b37920f4695721bbca4fddb30b8650014793f73e58b1c6a945715ea3b00aaba00e645c2fcf16b542a4dc803c0118ba892156759e80feb8627acc2a12eaa51541a6ca078881736e704123a8c43da1e19dd323a13a6a9159841f0eb128a4ed625ade781fc2789e8aa015d54cee936d4c0831d0ce12b2513b8e090cbd4a54ce921917c4664f86e76c6d98c86a02ab32aa8a297dd898d3e150649953e98bd45d4872db2228bacc310058fb1c51a15c85eef4a1092479f797b91d36c69492b665f2c3190cd1c9d3a5554934dcc3ac1f98e9e98219ce1f4b4fe2684776d2594723d63a603f142ab95a634b133e100f9f4c4c8ef914483ac32cd6a648852c6c074206f8116a7bfd88e2016ae5886802f263f9f4c747ec17174bad485f15a7ceded84dcd51ef00ad9750a05d954ce9999d23eb1ca71ef0b4a61d949860a1bade41bf43eb791858bebc8ac134d87fb79c07b86a95a993a0b495810ad373efd4e11ea49240de79fdf1d538df0fa99dcba776d7274d402e5d1b78037208047be3de01fd2a5576ab9c6f003fe1d2537806dde381bc47857e78bce090b0d389eff004cb2355e8ae6335069299a3a892ec41224cfe59063afa61b2af1c2cc40d8f3b7dbf7c51e3bc594114685336f000a08034890001b2f2f58e9809c238056246bd4ab33e26bdcec00b4411173b440bcf3bc60eae38f58d6c646e2558be9200a61659a0124cd8013b7b6399f6bf235dea55a9acb298811234c5c8b803d226dcf1d968e5d5469b6d136c22716a5ddd56a6a02aced7992379389dbd97de0e4794caf72559c1eeca9a752df95846a81f14126fce279e01f136029a530e8e29b30054dcab19bf94fdf1d4bff004d9a4e1a0121808165bdbf4dff004b732e31c3fbaab707bb317f6dbac63a78a76f24271a45be11435d0a95f501dcae9dee0b11a5bee3a491d6dd4383b13946124ff84a40e7bedf2231cbb80e6912aad310d4eb32d3a8b732a48b8b58ab7881f2f518ea596aca8b55cf8902bab01f9740f108f6b4629264e853ecf669a8d576a88c09750b2082d7bac9b401267199de0ec6ad452aa42312392855bf856649da49f6c13e0549b41ae49557d8162022893001dc91b98e7e58f78af1172c8f4fe1aa83511d54c328244de01c4f51b045dcb205e19482d450883bc72174824c49bb313e152392893866eded07d2aa01d221263901f5c45c0385b77af5584f729a86a2356a6b2cacea1cc82472c2c66f88e66b567355c91b000c2dcc01a45a79fb60f1bb8e551184bbbbad1e8a482936a5047844924169f11000e96db0073b574ea5141429da7513f39be1938b1029a212da8966bf4f8540f280703972f51c16568d22f3b11e53f6c47d5a64e326f93a79016b6feda7ff0068c66195b35ddc214b8026147300feb8cc37aafd8e9f4dff005173faa080662985f8c20f9609e6aa0a8d95d57534c993d606ded815dbb615f3e1699b9d2903cff5be09f11a20f72501eee9b94f5811001e56df166f64fc013852805b537860fd0c72f2c3cf13e122aa22722413edbfcc61238192d51a3624db9ee31d2b31488d26608d861a19b1279909bda1caafe203d48f02931360bfbb6de93854e1d515eab8224d6060720775fdbdf043b54ee59cb19049b13bc1b603f0baf0e842c90d1b75fd4622f6ecacbc21bf85669bf0c5615ea16016999da3c4b3b4c0903cb17bb57c3c777480164f1b8378816563e66c3ae34e07c2d526b92428acd512f1a9a02dcf200ce37ed525475414c9605cb54224c910447fa4098f73cf05aa89485bff00400ed8e69aba65abc196470fc80656d80e4208f6c0fc854510c74c6e4e9e47703cfcf053387ffc3756f8a9d49b83b388fba89c50e1995052a3136d008b5e7a41c23cab15276f236f18a74e9e5a8b6853ad8cc73d22403edf4c01ca531deb0241680c4002140e5bf9e0d7086355d94a29655214926419245ba9b7cb021787a9cc682a13c0e5dd8bfe52279c4fb604a17226d25818ab66bbbcba3afe6f0aa69d4ccd32047d6d8a7da2a6a6a776a183d6ff0011c183a401b09d84f5eb8a792cd3d4af46a338508d089046c3cfe738a3c5337df57aa5dda6ea74af9f8406e449c3f551d7e8752a5d6bf456c9f126cbd43dd83a47c4a79ef27a60ae67879af40d7c9d29598681604f4e44ce03e5805766a96f0458f585899e80e29e5ff114eb22e5bbd6960511093a8cc81037c324aa98d2f63e8fec8f025cad15040ef1946abc80604853d266f83f51445f007812d65a2ad5c454224a033a67913b13e96f5c699de22e2623cf11973d17e3e0b582c67cd3592a17a1f3bf33cf11d3cd52a6258859e44dc8c29712e28e490a20f20676e7ebcb08fc678d3b9a9a9ca14f3dc46df4c43d472748e8f4e3147617e3545ac181f4df00f8ca2d5657d8adb575f223e78f9cdf8ad5150d4ef2a0706d07fdf1d37b1bc5f355296aaee1964a8245da3f5bc72c744f81c55b271e44f083dc553c0546c77fa46db19db1ca78e5660c55a194da4198827f97c742e299a051f4b696137fa49ea2d1845ccd2152a02904ee4098f3dfa6371e01c811fe9a70652e6abfc4a3c008b4f59da7a61c32f922b4aad32f7a808576dcb3927e646ac05ecee5c2179d4a40b5ec6dca2479ff0027166b077a62a2805a993e16bdae2d8794b36c9d25107e58d2a22ab233d46169622c7a28ff008c54a3c71ce50e90299a5540241fcb501124ee3c4bf5c1aa3925a88d5c280591a540daa4434fb411ea7a603767f84d775cca04b54a6636f894865323d3e53829b673e90c596a4296403bb6a7cc312da7940d2b73b8304fbe17a8533ad49833a98fb0b4c5bae0e76abc029d3569088163a98893e533817c353fc4631b003f799d81123e58602d5837b45597bc2a4c1500794c02401eb38a79672e92558a2f213e26e9fbf418a79ea6d5aab57a92a9a8936fff00559dc918da9e75dfc29a82832101303dbaf53cf11705b25382c492c96aad5cc3316fc46e67e38fa036c66274cad422421ffb71984ed2f623df9fd9ff0090a76aa7f122a0f0ab952186fa88dbcad861a081b2eca0594c83cb6dfeb88fb75960b4e8529f1bd504131b2a904fb923e5819d8faccd4730ad62a0981f4fb6f8e84a49e4ef94a2ea903f2348d3a8549824aec7cfa8c3fd1b28350c0071cf7275c54ab2c48020b9205803b0ea70f5c689a941ca8dd6c07a61b8aeb3b25f5149e3423f1ce1d50906ccc5d9adf0852677c6f4f2fa88745d73f139f0a2301e2927aee3d703d9ea265f4927fccdbce30638465e93eb0f5229a24b28b80c0c933d7a47489c7234e4c1092946d16daa16ca8cb5271a53c550adb5962750137d22deb895b899450b33e182a3e2d3b602e5f3429552af3f169917953f987288823db10717af52955482458031ccccfd41c4a5ea498cd4a3f747c076966750ad49db5d434ce93a771ba9fe79e2a3d5d4b249d72a6c2202dcb11ffc7075e9ab35375d28e23ba527e213711ce6e63ae022b7ff00e87a87c74d4c4ae9f14dbd604c72db15e2e35d532928b52c9e76573ea332c950cf7c48063e1603724580dc018dbb65583e65129cf78675b1da748f08f94fa9c6f90ad4e9d246eeff00c450182983add84cd84802f80bc61c53aa2aac82cc5f7bc30ba99da1a475c5db9f578fd7fd27349c83b41740a6489288435baf3f5c04a81aa814e92b31769d08a599882636bc7d30ddd93ece57ce94a8e4d3a01482dd4f441cfd4fd71d2b86f0ecbe4a9e8a2810733f998ffa9b73f61ca3107cbd553d94e1e06ce5dc0ffa619aaaa0d7719743f106019c8f250607ff0023ed8e8dd9decee5720b14166a11e2a8d05cfbfe51e420634cdf19df4e29ae6daa5a0fde7dee3da3127cd291dabe9e31cb0ed7cdb5ed2315b32eb066fd3575f3c55a3576f867930fd4cdfed88abe6cc41b7bedefcc1fd30b457f450aeea5ae76e5d3f91f4c2bf687254d80aa554ad37d4ca7f300b0079c133f2c1d257c4797f2e3cadf4c07e2e05452a4efd3ef636c578d62c9f27b00b374b2358f79dd10db425813e7ca7e58bb43308f4d69511a546f027d67afae0066320b49aeda54f3371cf703a8da716f299aeec0756dec4c47fc7db0edbf71125e102f8db54d504912483d7dedb6d897b3d9260e24123795371ebc8cf5c79c5334352c438004b1d8f4e7edfb618fb3cf203c28d36208f941c538f386248df8965da8a331510b041ea0f503df023b399f87853209b86331ea76236bf4c3a8cb0aaac012d4dd220419bde3aeff004c26e738054ca915407d3ab419806473b7df14941d609c79127435e429822aeb1149869606fa8c9336e9e5bce04f65e9ae5334ec674696163e1bec475b5f0678510c81da0c0223d7991d791c2cf68b89b2b33aa8314fc10600b8076deffce5856d2aa1671dd81a9678e67395199a103f841361a6dcb7da67cce0c6404eb3f9618eab6db093b9c2b764f31aab940be221888eb131e786c5a68b4ae4e930090776df9f21f78e9879bad93027116a6c55224a298d4c4e91bdc0800c413e76e580d98cec29eec048dc84227de670533d95294a534435a750d51cf01f3950e9d3a94822f124e23077a03e44d8d3c00eacba312c499beff98f3c6621e0d529a50a6b7b2ff6f5bfeb8cc3392b2b4327f52686aab4150c1d50a49dc8c6bd9ca72d5ac016a7044ee6fe218d7fa920eacb41b9248f90c58c894efd6a53a7a54d3008507702ff005fb61e4fef44b71c0a1440a3a755c90c4f9f4c745cbd7d79547110541c03cd766d5d8392f17db713f2dbf4e7860cbf0f8a5a14ca81cb703d37f6c6e369337271cf09091db10b4e99a9265dbfc30237e73d22fef8cca66172d93a66a26a3505c080429f3f217bf5c5ae2dc15eae9a4fbab0d27611f9f7de4441ff004e2bf1dc9bd6aaaa010b4c4698307c8473d205e23065d72cd1e36a4b052a9934cc03a2a1d74f91fec37043017009e6044f960e352a6b50354d419286aa8d621c2c003c8f98c7bc27b39ddd6a6fe26516076f0906558797cb1573e8f4df34ee7c27c14d4890c7e223a5c002711845493b2f28f5768174b8d3d5cdd35a84128ebb0b01b888bc017183dc794665f4a160c599274880ca41218f420120f23385aca570d5038a7a1d54c08306c40f3044e2d67389770f468b16d2d4dbbe8f881a841ffb847dfae1a3e5a435fbb21ed256285129306054062011b0008bff00c60f7f4ffb2ff8cbd593411813fea61ba03d3693e981b9ce1d51fba0b0c6a3052c3a7f7f982a41f5271d6f26d4f294528d310a8b1ea7993e64df11fa8e7e8b03f17077610ce671682055000510aa36006c00c00a99e356756a0312d7cea330d5f3c4943334c8d36c79b1939cb67a1d54160196063f5dff009e9890f86f61d0f9faf5ff008c10d08078483fe9388abc5e620f29c75c1109949b31e1b46e4fbf3ff8c56a99de6e4fb9f618adc5b3a94c18613f3dbcbcff006c2ce6b3a1a64804f483cc449b628d09613ce7150c4d881e6207b8fdba9c2f672bd6040862a76204cc4d875f4f2c10194778f23bada20441ff006eb899f873208a8f2b127ca31ac5ab16eae6c132cab31756b72f98b9c44fc4210854853bc5f7de3ca06d821c56b29256031221660c474b72f3ebec131ea3cc090676e58b71c14894df50f70f7d474b29d317204c7b74f21e787ce114a9a5258e7f9a622e23d44ff39e10385526172083d0fd6db4618f84e75558ad550d4df6933122c677f7df158ac892d0c793aea2b3f761f5cacaefd26c36800cc7498c34f180ad462266fcae7ea09fae14380e4c879561e1234b35f50631048b9e5ccef825c573f1e12a545c3f9dbe28d88eb8b2d117b0270ecf455eecc802c4f51c898e63636c0ded1a2fe1f31e1202b8018b6e5882c16db5862cd6a715d5d1959b4de474ea37e9e2f7c43db1a81f2e4786645a23dede86f88b552b2b2fba229f638b2e67bc1f90133ec76f3c3cf16ae8ab487200b3479fded27007b1fc3f4d3620893249173a4741d717bb52ccd51690a44aaa412b3206e76b126dcb1a79212408ab9ba551c4b699d81b40f3891f6c0de2790d2c145c3d81eb8f2b65158128998e87520803fea9138bbc1cd2022a54d6144e9892b1cc3031ec7135c7594737a4dcd324a99670606981612c01f94e3302732693b33e97f119bf9fa5b1981e97c9df83b3715cad3734cd60be0f84f99b5bae332472f4e34a31e5331f4b7eb81b52bcc99737800b0b7a72c58cae44fc442fa6a923db6c3d5bb29492a0c52a948b1f11427fb941fd8e2fe5e926fa8c4d8a8fd4e16b342089d1f33b7a0c652ce0170ca07913f7e58dd92d8ca0fc0df5f87030c23c89db155a8a0f8a983e96f71385dcc67eaa5d59083c8931ed7df16f29c40b589bf4bfea301bb0a5412ee683f55f3ebea31b9e02951749691ca3ee3031b79883e46dee31768d5813711cd67eb18163515333d83a4c7e391ca6c714339fd255726a25505cee1e483ffc85e7ce30d196cea3d8d41abce2fef839c2e9c7fee6a079743eb82946a8e7e5e2ed1a673a7e00dc3e9a0a8e8e57577644f8431920cef076c54cc71c5882d24ed7c6dfd67e2656bd349d926dd49fdb08dc1c0737b9f3f5fbe3cffabe2b9395e11dbf4d3eb051433e678ad89bfbed1d3019fb4f058aed3b9fd861af2bc196b2047520741b0bf973c6d9fecb51a40855de09f5e988f0463b65b93b7821ecc7683be651045be23e66f61831c790812a491d39fa8fe5b1ce32f99397cc35261cc0dfe56f317c3d7087399a9a5442afc40f5e40fdfe58edaa39d3b175b84d5793588d3c828bfdad7e98a1dd2546d0a6c09137831c8ff27ea71d89f825309e320db1cf7b4ac28122411044102ff3dbf7c5292564eec0b53887e1d74b37f866d22e41db9dfada3961778ef1d6a8a144328246a16988e5363cfe78d739c42993054dbced6da46e0ef80f573aaa7481e1f41edf7c371c2fc0b296364d46bc95936df57303d312660a491205841e47cc6060cd5adcb14eb572db9918e88f1bb22e682d97e28f3a4313331eb8b2959b40532197af9dfeff00ae22ecfe5e9d9db70c3e5307f9e58bd9f69a92771b9f2eb6c3b485b63bf63732c40859b4c5fdc5bce6d89fb41c442babb4dec47ff61fed8a5d81cb17d6aad046d3c8eff7c0bed753a8ee2c645888dc1e64791fbe3233d96c65d8b87a6cac17e113060ef0791ff9c33e73b3dde658b7fee6ea4da7adb6e5b5b9e03f65b856aa2858b86e83cb68fe4e19387e71cc248226083f7fd319c6d1bb03fb2bd93a95a87785887a6cca69fc24dafebbed848ed4e62a2557cb82c8c0dd8c82446cc791e53b5b0f34f8cd7c8e69d69ff94493a09b5ef6e97c19e29c3f29c7295bfc1cd20b311cff00b587e75fa8e5848c53d0b2758384e7333557c05d8db9991fb625cbac51a840f115fa62e768bb3b5f295bb9ccae871f0912430fee531047d473188788654d348244b2931edb6035a468a49002955b0be331aa212260e3cc5e8d6760cc76914242a9e760b1f566fb6288ed086370fe7047e980b46823dd4111f9509fe118f1a82868ef4b2cdc2a811f23738e3c9d561cfc7542dfe1931ed23e840f9e2b6673ee2cec44f58fe7d3142ae69524073ef03f7c4f90af4c996048e8c047cf0a3596787396f849bf99208f5fdc618b8767c85f15c790fdb1a65a8d3d208a6a67686fb6d3e98999089208b0b08b8fafdf1aa82b25da5c446e69b85fee047d41be2da55a5ba312dea6ff0048c0019ca8862e2772408fa183ff0038d6ad376f82aad4e70a107b163fbe0a3363253a953540a73ff5619b29599400c8413d0c7cedf5184ce0b51e9c6b0013fdbe23e730230e1c3eba161a855db7616fe7cb0d04af24f91b6b071bfeaf562f9bde4a81699b0f3c0becd51660ad375e4312f6eab6bcdd6920692df4c0ee01c485365b6e45c4db10e552971ba2906948ec7d99ae748d7623027fa899ed547bb5f8aa3044f5dcb7b013ec314323c6911353b80a3763face16578e8cde7bbd16a34518539b4922e7d4fed8e7e18d41c9e917e49db4bdc055aad5a99a2c08f0903572b08b0e71876e1bdb5cb70f4292d56a6e605c93cc9d87a639d71dcc68a8cab1b9d8cc0379f238a5c1a8b54a829aa6b67b01facf2c7a31e2ec9499c4f93ab691d4a876c7319c3a988a74419d33731b49e5e830a7db0ed40aac05324e9993ca6791c18ed2f60f394e807a71510097440411ff00d80c2254c95657ee9a9b8736d254c99fbe1a3c6b6c57c9e115f319c2d1688c57350e3dab4994c3020f9e348c74249689b67aaa4e25a54a580277c694ce259f17cb04014cbd0b183040d5ed31f437f4c7ab5e4b133bc75e5f698c4153360907a6a5f623fe7053b33960fa813f3f3e5fa626d06c31d8be22e8eac0c02449330796ff0053ef835c438bad4cc8d601504831cc7388e63f6e988b2fc395161220b030795ed3d26df2f39c52cc7017a9a997c2c1b54127ced3d631aa8d699d03ff004ea088a6893163e83fb81f5927c8e2a9cab51cc293e22c649ea09fa19e7fef8add9476708aefa74832d6b5beff004b609e6b2a0bd321c38b0b013226fef386134ca5daba2180720822d3b58efa87af5c735e239faf43322ad2734cfc434ec0fa7438ecf9eca8700c6a11067a1de7e7eb6c739edff67bb97a654c0d260c1b81bdfaf9624fedc8fb1d38276b729c4d7f099f55152c518db97c48df95bcbee3083fd46ec555c9b7784b3e5dbe1ac05813f96a01f09e8763f4c03cbd2770d5206a008f01d80bcdbcb1d0bb03dbd1a172b9c56aa8f2a4b2c88f3e4445bdb0eb3b272c3c083c37803774b3bc72f5c7b8ed9fff005e64aaff00894dd951aea01100741378c661e993ed238ad5ca8a6a199801d357d947ea71573799563009803cbea663159e4ec0c758fdf12d1c9ab192403ebcfed8e34ab677dfb12d3ce3310b4917a5a4efe66060ee590d1ff30a6ae9a87fe3cf1532c34821186db00712d2c8d576d4a401fea8bffdd856d3192a09b7183025801d4ab11f511831928ac2e69b83fdae47ed85bcb55aa098131d403f6fbce0f2d77020a113bca98c2b1d061783aa09d200f6323d4833ef89ce5998882446c34ae06e52ab3b1041207cc7d3eb8354b4858b8f97f3e582985c4b396c89696a8a5bd40fd3f6c5bcbd214c930a4f29bc7eb80d99e265576263f9be07ae76a39ff289bf3638360eabc8b5dbceced46aaf5a8aeb5732ca0f8813b9039acdfa8e98452a68b80caea7907047df1dbf259796ba01eadfb5e313f10c8238828adff55fe53878e8492578387f13a86b851de2aaafe52624f5e84e227cf0a14f4536973b91b0fdf1d86af08cad360c6826ada74a7d8628711ecd646a10f528dcc7c24898f4c05d6927a467196d1c5f2f41eab844059d8c0037271ddbb09d8ffc1530cfa455612cc01247fa7d062af0ae074681072f4d29b58162199a3d66dbef863670206a3279ff00ced8abe4bd12f4eb618a6b7d45ce9e926fe8a2df5c50ce641184e856724e963681d45ed8b192648bb318bc1d8fbe2b66b324b40b137891207a72c327689495300f69fb2396cc525452758b8651b9fcd7fb614b3dfd3c59950cb4d41d5378e849f4936076e738e8b94a614407f1739fd3126657fc36f10dae0c5e6d7f28c5d2488db6f07cd998a1a5d945e0fa7d3d31ee5979f9e0df19a21abd561065dae363d23da31b6532c869916d42e3f6f4c2762f401ce0873829c033fa0816dc9f95c47b8fae3ce3dc3f4056ea4fcbf706df2c07a4f118203a752cdc89530a7c27df63ed3865a793654398160635de4481127d87d06395e4b8912a4794fc889c3d64fb5a569f7520875333b0303f5fbe30ad05b2b981de1d2069707c3689e7e40f3f9f4c5ee0d96a94bc6e654eda790d8133f098027d708f4f3da8861244dd7d7f70706aa71bd083c5120007af50dea39e1466868cdf14352a8eec0820863d0816f6fd8f9e08250a59ca068d61223a5d58731ced845e15c50ae6d122cc46abda083b72368c34711ceae5995c1f01600fbed2395c47b8c2bf9035ec28718ecd54ca6b572ba4825481048eb1ced3f3c08ecf7f81977cc39214fc00c498fb0f4c75ae2396a5c428847907747162a7a8fdb9e38e76e28d719a19675d00404fed65fee07cf9f9e328f513b767453fff0096e644e9cc54559300729338cc5ca494d4051485ad723dfeb8cc359a97b00aa572df113e936fa62552d2002074df1e6582122418e4460bd3a54544c893b58e39dbac1d69594a852a93768f31fcfbe0f659e1489bc5a05feb607e780156b37e51ee66310ad479bc0f3e784a6dd8f7431d3a2ec7c4ce47490a3ee4fcb0723ba49d244dae4de2260dcf3fb60070fce328d4189f5813f4be1a297144397a5aa0072ccc5c8817d004c6c741302f83b32c15f86e62a54202b11e97f6eb8319d7655ff11c4f28916e7633381b438e22821622e35c898b81a5473f5c05a79ca65e61f98824cc4da7a8e77c2f5a1bb597ea5662d6691b1b5bdb9e0be549360c607a81f3e780cd9e526ca6472923d2c31e3f10b5cb27527003632a7182be14836b93b93edcbe5811c4b8ed47254edd6623def802fc4962012e4fce3e7b79637a6f176007380401feff002c1600ff000ecd8400960479eff38c56cf71e6678a6a079b48f98385bcef14351a03428b42a93f333f7c10e1407e51a98f33cc73851b7cf0321b0c52cfd345976693c906e790d89f9c60ff00669030356a51d247c2ccc0b11ed217e781196e1c1e0b8102e40f4b6c7f5c192748de5b92de07e9eff2c5224b93e496b677512a8431b8622c047e507039338b960742ab5437a8ed6551bc163bc6f0313e4b31a8b7c202092479f3f2f2f9f4c2ed644ef49b97668064c807cbc87ee71456d11938a790ff000fe2acc0045249326a1b033c956e63d790c43c6730051245dc9379da3cbd7ed8d6a711eebc0aa58c5b940e5737c2a71ae2151c2a2036dc9161b926d63879ca9509c6add8b59b46d4e0993bcffc7962be59a0827908fd8e27ad546aaaed23603edf3c0e5cc12081d27ced811ca292d85388e675d2837d3713d361f2dbdb0ace20e19e9e4f5ccce990bb5fe1127edeb270b5993e23caf8a444329552304b299eb8927f91f4db024e3d538630c192cef775a0895368e51e7fbe1b729516a5261b3202755a40507ada40f9e1072af2c27f9fcfd70d1c2ea23ecc43e92bb0bcfdf6189bc0c893826702ea24924026f06d0645f6c3aae67bea2a6a0d21c6879e47d0833bce39df05cad426ca614ced6304480799077fae0e70dccb55cd0a774077bcedb7bfe98cc1fa0ef02e37f86aff00867a92473f3e83f7c39f1ee0b4b3f96972a197fcb702ea7f6ea31cebb41c0853cd2d7d459597620c820458fb4f97a60ef02cf9a94f486223989fe74c65ec4a4b162467bb339b4a8cbdd1306245448fab03f3c7b8e8b5327589956a2c391a948337bb4898dbd231983d49fa8ce44b4a872ae447fa3f406df32312d26a01a1aa926d042da22f683243798913804b56d70311b4f2c0714cea4da1bd0d1107bd2c184888045c0bee0da4edb8e7887b9a333dff003fecbc5febb7303d6d80790c93d40cc2022fc4ccc1144ec3531009f2df05f87f0fcb6f5b304ffa68aea3e52ce028bf42709d286ed617ca70d5a8e29ad596300421b9204fe6bc5fa60b718192a428ab33663b942829072a818b33b31d265cc9885b48172311f0fac94f2e4d3a6ca6a6a5563e22ca08d4c4c7877d22373aba4e0155a21d8c8bf598fdb02fa8564b1c52af7617bb5414dd55bc28013a9411a831275006241201d50641c53a599260b6a81e63ebbce35e20d4c2686ef0859d049b0e713c8496f9f9604ffeada442a8c0aec1ba0e54e2fca9ab7a81fb018d2ad0a8c46a5d2399631f4380f4f89553cd80f58c5dcb6740bb5cf20493fed80e341ed617aca88b08b736936f70a37c516cd53a20ea60cdca397b199fa604672aea325997d09c58e14c808d2809fef613ef7c1715e40a5ec5bc8d17aada8a851e703e9cfeb83199e22540a74c7c8c7b4ee302f33c5d07c2753f97f3af4c52a541ea37c51cf4de4e13a8dda875ecdd52f53bbb1912ca86c3d58dcdff00db0738ad46465a4ae549124ac4c0f506079fa7a8a7d9ac9ae5e816d20bb5cb6c3c803d37c4997cc6a692078dc229502fce24ef8751a64a72c17b201929316046a62c266e2de26f5fb462950acbae746c40b2cff0edfc38bdc533c1890a4922d7b5f9c75e78af97cc85d30200b898dcee6dfcdb157a211fcb7a3334a6faa016f2dba0daf1bc9c2de6c69b00623e220f889bf94fae182a6619801b6a32419981b8f2c24f6933e4b340881020cdfa79753894b2d1d51a498bfc7ab92e4020edb62a64f5354813cc0c6b52e449f975e7f2c13e174943238de67e47a62ab089376c35c36a85157f2f46001221609bdae01e5024615789d252f2a666f78f6b79e09d6ce02e42c01ccedc8f2de2d381a3fcc1026185baf4fae344cca057e98d23056ae44ab35c4dfe46f7e879e0701874ecc788c460cf09910d7bf2ebfc38a195cb6a224c091383d96c80703920b8245e0903eff3c249983fc3388355251405833378320491b91ab98df199ca0f4ab2b0b3a904913047503d227f4c0acbd565f80a691f0b2dee4581039dc03e63ace1d325971500713b6c45c8317e86dcf0b2468d59573f9eab5e8354d3aa1be18de6c48e9cbd7eb8a7c2b30b95557f143182dc98f30a67975c4b9fa8e8aea141589df6fb1c47c638651af4d2a176f0416026154f25bc6fef8494e9a5e58dd2d37e10f193e2a9a16186dcce331ca6bf1aa28c55012ab604b63cc56d9cdd10a13b6318e3cc6618b863b42e55328aa4853415a0586a666968ea6049dcc0c55c88989c6633027a0c4e919651f89aeb02159940e414080a07200580c27f163a6a786d7e56c6633135e4c5aa94c69881703979603d35126c3198cc68e86653ac6e7129f857198cc1f601155636b9c5a1b0c66331999116545c60b64d882b1ccdfe78f719859ec6434bd426a004923baa8609b4e95bc75c3bf05a4ba14c095a5631b48bc749c6633065a24bf2142afc24f3937e7bb73c5cc9dc5ffb4633198a3f04a1e4f6b8bb7fd27ef84be3c2efeff718cc6624f674f813df7c3770651a1ac3e06ffc7198cc51e845b175b76ffab1139f1fcbed8cc660a3327a87e3ff00a4fe98808f07f3cf198cc6312f0f504ac89f1618f8c8d2f960b612d616166b63319857b3172a88468eaff4681f4c3370763f84064c8363ef8cc660b16204e295d85430cdb753d7127690e9ca42d87416e78cc6615ec2f473b55c6633198213ffd9),
(1, 'images3.jpg', 0xffd8ffe000104a46494600010100000100010000ffdb008400090607100f100f0f0f0f0f10100f100f0d100f0f0f0f0f0f0f101411161614111514181c2820181a251b1514213121252a372e2e2e171f3338332c37282d2e2b010a0a0a0e0d0e171010172c241f1c2c2c2c2c2c2c2c2c2c2c2c2c2c2c2c2c2c2c2c2c2c2c2c2c2c2c2c2c2b2c2c2c2c2c2c2c2c2c2c2c2c2c2c2c372c2c2c372cffc000110800c2010303012200021101031101ffc4001c0000020203010100000000000000000000000102030405070608ffc400371000010302030605010802020300000000010002110321041231050622415161071371819132142342a1b1c1d1f0e1f15292627282ffc4001801010101010100000000000000000000000002010304ffc4001c1101010101000301010000000000000000000102110321314112ffda000c03010002110311003f00ed884202011084c2050929a8a0210a25e025e604134241c139402108402108408a1342048421009a48081a108409084040d0848201084d0084225008421024d084093092681a12944a04e2b1ead4e8a559dc95054dad9112e2a356ae505c486b4092e710001d493a293ea8682e7100341249200006a49e4171df11f7c8e30bb09867461d925ef01c5d5cb4f14403c004913a91e8a7eaade3a1d2ded6557be9e19956bba9e50e735b959c59a0873a2470ebe9d56c4e3eb8122949e63385e63c3bd96686118ea822a3e5e410d04499811a7b2f4fe629ba549d3a3b5eb7e3a0e178b383966d3daf48987134cc4f1881ff006d16253a92ac7516b85c03ed649b65c36cd74e89ad0b70f528de81b0d6938fddbbb0ff0089ee16d3018b15581d95cc75b353746661e862dee2cba4d75167194849354c08493409084ca002124d01092684004210808421080493490342108042108112849081a44a15751c829acfbaa49439cb1f135c318e79b06b4b8f6002e56ae39c78b9bca5b97034dce634c3f10e68bb819cb4c1f693edd573dd92d7625f42916b5c5f51948b8b817343609ccc07486da40fc5759bb5b146bd7ad5aa9716d7ace70cc00a6d02c3380331e1ca411d4800dd2dc4a2c6e3693b2b4349244e911322f2d891636b0b955f227ed775a34c5363580465681f0156f7c5fb1517551c8aa4bcf5ebfe7d179b75e8c45f49e4183dac566d2aab581a49e7ac45b4f659741d11302dd49538aad4670a8a6cb10e6d8e87b8e8ab676532d2bbcae56360d74894e568c6d6147114e8d530dc470d271d055027213dc69e9dd6f17697ae5670d0524d6b090842068421008414903280904d00842100524d08042105008493411099482450358d882b22561e24dd65f8d8c772f2be24639d4767d7c939ea0f28472cd627e257a925733f183164b28d019a0bf3b88bc000ff009f85cbf577e39955a2e6b6938bacfbfd2d735b226645ba5b5d7459dbb55053c43092e90406e5683a9b9240262d3e93d56b9d5aa3a1c5eee02d0da65d1fe8800df92a70b53355a2040ca5a035a2220c993fbff0ba58e6ef3576a52a2c0fa8f68044c0224d8cc01ae86cbce57f12b08d27253a951a0c1221a4fb7ac85ccb6ced8ad5ea39ef7d4b5e9b5a41686c11239448bc775a1a98a71ca64e692ef301e327a93c8ae73c33f5d2f96fe3e96dddde0a38ea3e75032038b1cd367b1c35047a47cadd3048d08e5cbfdae39e116d303186971966268b89cd940cf4f2969006bc25d27ff20bb1f980da74e5a2e5a9fcde3ae6ff00516d274739e9d56435f2b0446a09f9957d33d3f48b755b9d32e5e77c4b6d1380ade6556d27869a941c5d95cdacc199ae6f710b49b9fe31612b53a54f1c2a51ac1ac63eb65cd45ee882e3176cfa42e63bf1b65f8ac556ae5ef2c151d4e902e96369c90dcbc8584f7baf354df9a6c66265b7e7a9ed075eb1d577ccf4e36bec4c3d66546b5f4dcd7b1c039ae690e6b81e608535c63c05dbf50bf15807b9ce63079d4f358b38a1c226dcacbb40569252490804210808421081a124206849081a10808042108042509a08a8a72a24a044ac3c53f8a3b2cc2bc96d1db2d6e369510471e669f890a35791599edb995c8fc5dae195a88be670247ac111e912badae49e2e617ef69d6e296da79441b0f9513eaafc73535088cc24171cbae93fdb254ab0045a386c4b41075170477fc95751c469327b1e63458de69161136911afb2eae4c9a950438bc171753fa8bae08b36e419881ed6116230ce1ea496861716913978c01ffccf50ba0ee86ead2da182ad8aaf98d4fb4bd8c2d258dca1ad2e19440bb9dcba05ec377f7468d012fa2ccb98901c03b488b1f6d572d79a66f1d73e2b675e5bc36dddac5f4714e6d6a4290a8333dc435f9ac031b12065107d068bab9c618e579688b0001d2ffdd541b4e040e1022c2341d234ff00490a46675be9a4f65e5f26eeabd38cc938b5d89770e51dae4419f4851da75aa9a154d20ecf9496f397658ca279ca9d3c29ebd802267d16506c8bf2d7f8299ecfadd73f1f2de22939bf76ecc0b2d94990e20c488ec952249693d40361103ac44f35db37a771a8d7a9f68a64b5c64b9912dcd7881caf1f0b996dbdd1af8587ba323c88719e1ea08ed2bd99f24be9e3d78ecf6f5be07e19c768bea373656e1ce6e925c32feebbe82bca787bba94b66615a18e352a560da956a90066244800720257aa56948948249ad1244a884d005084420108420101342010842010842049a1082b48a6920c5da35fcba6f71310d264db92e03576f67c5f9b9e08ac600066011079ccdc5859761f1176a330b80acf7358ecc3ca0d7542c92eb088b95f378ae0104121c1c0c07d809b41d4993f97351a9d54bc7d3546b676870e6015e6b7eb66d2ab85af51ed934a9547b49e4434a5b8db4fcfc2d3bf1365b126786c75593be4f8c16245e4d2781133245b92e4e8f9df14e36b5b5911731d55545a5ee0d6897400d1dfb198ebf2a75cda662c0375f700e835bfa2cad80d0fc5e1e980dc8faf467349021da91cec4ff8baeff8e0eedb99b1c61767e1a899cce68af527fe6fb91a0b0b0f65baa54b9f559551ba0eb6e8881f16f45e4b3b7af54f5107366d64be355691aaa2b5ff009f4596362da6ff00e7aab9cd58d87361fa2cc6fbadcfb2aa3481f4365e43c50d9ac3b3f39b3a8d46169047e2e1883aebfdd0fb40179bf14206cbae79875322c4df37f12af33da357d373e1e6d0762366e15ef233061a448e618728fc82f492bc4783d472ecaa2ebfde3ead4bc1b17903f45ee005e87029429c22168884d3420709268401493420108490342101008421008421054884d341c6fc7ac719c2e1c1e4eaced67fe2dfdfe172069241130dcf9834c901c4466d35885d67c75aec388c3d3c80114f3bea0b3dcd2e8cbd3d3d57257b4c5c1d038743789f4583d5ee86f2bf040f1b08754c86f395a049701d3f72bde6d9de4a389c05500f155a55204c18d27dc8365c5698323bdefa2de6c906a666cd9b4aa13dc0048d3dcfcae7acaf37f1a2c430db88192e113c4222491ca7f63d167eea90dc7e0b3c01f68a30604fd768f53cd6116124418924071b327b9e5afe8abc1d60c7527ba48655a672c9cc4020903b6a35e6ba7e21f55d66de7a05895eac0e91f1f92b9cfccd63a225ad31cee26173ef14b6cd5a341b4a9973456b39c2c446a01e4bcbfbc7a3f3abb03e21527e32a61c52a9919999e6d9cd243837e91ca48039df45ec5cfb0b5ee634e4170cdc1c1beae330ec6b5a452a9f6973f42c6b759f731ea42ed1531203889d354f2491be3ed643f18ca4d2fa8f0d60b926c200fcf42abd8bbcd87c5871c3d563f2919835dc4d9d25a6e179ef111be66ccae58dcc47964c6a1b9c663f123dd730dd3dbc7038d1518d029be2955040792d0756c7437f45b8cf73d8cd6b978fa21afea7f75e7bc4d83b2715279d18f5f35b0b6d83ae2ab1ae0643807020913ecb45e27e25b4f65d56b8c1acfa549804024e60e235e80adcded66be37fe1ae1c53d978368d3cbcc23a39c48fd57a75a9dd5a593058466b9685213acf00badb2f43804d24d68109210394d4534024534420529a211081a124d00844a481ca124d0569ca45405406d227d50716f1ae8076229ba4b25b90b9c4e57340e4395fa0e63a2e5755b0265d0090d371eb07958fe6bbeeff00b69621f530d9c171a39e190f7021d2039ba912d6d819248b735c1f1548b5c6c63401d67445a63b415258a00d3df5f6b7f7aad961aa06d1ab121c78734dcb347348f9f95aad35fd3aad95123ca73a09b88ed6179f52b2b656b1ce9b4da74e40989701c8d868b1f2f10d664440833da15f5993f48888162497124907e2d6e9dcaa9ba5e6c0c4024b62e48baa4be83dc6de1a78dc3329974d6a2c68a9273198d664ce879f257ef06c6a58c68a55585c09b1061cd3d412b896c0dbeec1b4e56b83b367cec744b2c32e5f9ffb03c82eabbabbf34b16431e0b5fc89d0c09fdc7caf3793165ec7a71a97d36fbb9bbd470144d3a6de2738b9ef7019dfd013d00598fc33092635d74bacdc762a9d1679951cd6b0c71b8c344f53c87af6583f6fa0ebb6a3083cc38428d67aaceb8ca66118e6398e00b1e0b4b4dc16910442e743c34732bbdcdaa0506be5920bde5a7f0936e5695d330588a6f0431ed7111a10e8998fd0fc2c6da5b428d27b293ea35860bae72cc5cad9d93d32d96fb64ecfa0ca6c6b1b7ca0345f485e1bc65da2df270d876b8e6f37cd2d044101a409bff007d959b7fc41a38796d1fbc2459c05a67fdff000b9c6d8da3531b886577804bde006b7f15f48f7fcd74c66a355f4d6c7665c3d06dad4a98b447d2348b2cb546104536088e06db48b0b2bd7a1c48a7284202534a1050342882a68044a49a010921034908402110840269210505eb5db530c2a34c666ba2ce6d9672adc14d9d6cbc722de2d89896540f6b0921d209cc0b841805c394c5bb7a2f23b70b2909384736a101b35346f20ecc0e6208ca003c9becbe867316bf696c8c3e21a595e8b2a34ea1c3f7539cff002ad6bfa7cc0f2092740001c26466eb7f42b6b82c1bdacad4aa53a8d7868a8d069bda5c06b0089d3aff000bb750dc1d9b4ea0a8dc3b641cc012e7007d095b5da9b228d7691529b1ee0d764739a0b9848890792a471f30d66381cce61bc8048316d40fef3548b1066faeb3795e9b7829f9358e1eab1e1b48bdb95d2d2dcc6ef68d223913fbaf3f5dc730717076414809ca2cd6e5600dfc50d6344fa4eab58853a39f84662491979f2168fc96c7661752aad789194dccdefd4faac6a0fcb61630226c7a82a546a8904cc589b80489e44a9bf159bedd7b666f9d21930b8a68753a8006bc6570870d1cde62667fcad80ddbd9d5467a7886b291bb98c7868d3a4cb7d02e6c2b31d87654303cb7805c7910d247f7b951a989730b5c3cc39835e1b9430f08824ea05fb289176deba362f78301b2a89a3826b5d50b5ce679625a5e5b6713f88988f8ecb926d0db152bd473aa39ce3633d6473eff00e79ccd1b431de610200ca600925ade10db7c0f8555160a84176b611d8692aa465a91aa5fc37b12e009300902f1e807c05e8f75766835b0a5d51ac3f68a01ad305e41789201f55aba34980d84ea3a5c8ff2ba27865b09d5ebf9cf043283c38b8890e737e86b49d39dc2d63b421aa014c05494a1244a508184d453400420942068424d5a2484421008493409084201084d061ca8bcab122b0504250ad7055946ab70ecaa2af2544b10722f197633a5989038480c790098226069fbf25c9ea069205da38438fd5eae02da0811db55f4aefaec7fb660abd21f5e52f67fecdb80be746ecd79a9908221d0e301d0e900023d605faac8cac3a4e9d6002449e8adb1103ea06e0033fdfe157e4104f093a8bfe120df4b6936eeaca9c05a039aee06925b3126e5a662e106fb66d4151951af2e7bdcd86cb4d4698102013023f85846bb84fde64738794f2e992d27f15b4f44b0757291c4e6980d768412e70efa4127d444735e9717b975b13e5d4655a6039adb3a40020721effdd27e55df71e4d81c49a773793ca4b67a8ee566e0b02618f040064cce6b4dc65eb7368e6bd3d1f0e2a8ca4e329074cb8f96fe7a8faafeabd26c5dc8a2c23cdc43dfc02996d11e4878bce6209245c8b45b595bd89f6f23b276579f518c0d7979305ac6c87dacf0e27aebcbd1779ddbd98cc1e1d945b24fd4e24012e3d82c2d87b270f861f734837949973a3a66378ecb74c5b06404c1506856054c34c2498412849c5010822c92a484d0109a210804213409084d024210804210831a122ad4a105254085796a816ac18ae6106d742c92c48b1061567402627b2e1bbeb8a6b71b5c368380273300a2d738b837883817021a21c645e09e575dedd496a36ceede17163efe8b1eeca5a2a4454683d1c2eb383e77761d95733aa39cd7bf290c348d8bc660438408368817fd701f80920b03e3299046636266ff00dd17bbdafe1f6d0c3d57328d37e2e8eaca8d6d30ebc121cd272836f7b7b68f1db131b41d558fc16299001153c9a8f11c897b0658b38feb08307676cd2f23239a4bac1be6d30eb5f42e126d1a755d4374f0a2bb18c7b9eda81b0e68b0e1b11ea26e391b2f01bb3bad8cc655a7e5532f01c1b51e4795418d6c8cfe6459d616fa8ce9a91ddb61ec0fb3713aa9a951cd6b6a16b4329d470101f96e73406899bc04e36562d0ddba635cc7d4cad9e1f65b19a05b00d536d35bc675432800af6b54b22708180a4905285a0426138408269a681260212250321464a982884110548241340245349024265240268420a909c221044948ab2122d415c2214b2a2105708caacca8ca82b0d46556c2442c1506296552013841545d5cd0965520104a1109c26b4472a214a1082309a69a0484d081213442049a2108084210804212402108404a108410421081a484206544a1081949084028a10824808420610d421049084206108420610842010842010842010842013490804248401421080421083fffd9);

-- --------------------------------------------------------

--
-- Table structure for table `question`
--

CREATE TABLE IF NOT EXISTS `question` (
  `QuestionID` int(11) NOT NULL,
  `Title` text NOT NULL,
  `Content` text NOT NULL,
  `AskerID` int(11) NOT NULL,
  `Bested` int(11) NOT NULL,
  `Qscore` int(11) NOT NULL,
  `frozen` int(10) NOT NULL
) ENGINE=InnoDB DEFAULT CHARSET=latin1;

--
-- Dumping data for table `question`
--

INSERT INTO `question` (`QuestionID`, `Title`, `Content`, `AskerID`, `Bested`, `Qscore`, `frozen`) VALUES
(1, 'First Question', 'What is the color of the sky?', 1, 1, 5, 0),
(2, 'question 2', 'lol this', 2, 1, 5, 0),
(3, 'CS versus CE', 'Is Cs easier than CE', 3, 0, 2, 0),
(4, 'Pants in the snow', 'How many layers of jeans work in the winter?', 4, 0, 0, 0),
(5, 'Cooking tips', 'What spices should be added to chicken?', 5, 0, 1, 0),
(6, 'Advice on movies', 'Is batman worth seeing in Imax', 2, 0, 1, 0),
(7, 'printer trouble', 'What do you do when your printer runs out of ink?', 2, 0, -1, 0),
(8, 'Math troubles', 'Ten times twenty?', 1, 0, -1, 0),
(10, 'Round corner', 'I stubbed my toe on the edge of a table any safe way yo fix the danger?', 2, 0, 1, 0),
(11, 'FREEZER BURN', 'this is the best question', 7, 0, 0, 0),
(12, 'tag test\r\n', 'lol tags\r\n', 1, 0, 0, 0),
(13, 'test2\r\n', 'test3\r\n', 1, 0, 0, 0),
(14, 'test3\r\n', 'lol\r\n', 1, 0, 0, 0),
(15, 'big test\r\n', 'best question', 1, 0, 0, 0),
(16, 'Lol question\r\n', 'funny \r\n', 1, 0, 0, 0);

-- --------------------------------------------------------

--
-- Table structure for table `tags`
--

CREATE TABLE IF NOT EXISTS `tags` (
  `Tag` text NOT NULL,
  `QuestionNum` int(100) NOT NULL
) ENGINE=InnoDB DEFAULT CHARSET=latin1;

--
-- Dumping data for table `tags`
--

INSERT INTO `tags` (`Tag`, `QuestionNum`) VALUES
('funny', 15),
('long', 15),
('test\r\n', 15),
('funny', 1),
('funny', 3),
('long', 2),
('easy', 2),
('easy', 4),
('unique', 1),
('nature', 1),
('new', 16),
('field\r\n', 16);

-- --------------------------------------------------------

--
-- Table structure for table `users`
--

CREATE TABLE IF NOT EXISTS `users` (
  `UserID` int(11) NOT NULL,
  `Username` varchar(20) NOT NULL,
  `Password` varchar(20) NOT NULL,
  `UsScore` int(100) NOT NULL,
  `Validated` int(11) NOT NULL,
  `email` text NOT NULL
) ENGINE=InnoDB DEFAULT CHARSET=latin1;

--
-- Dumping data for table `users`
--

INSERT INTO `users` (`UserID`, `Username`, `Password`, `UsScore`, `Validated`, `email`) VALUES
(1, 'pallen', 'm$ftw', 4, 1, 'achve001@odu.edu'),
(2, 'tblee', '0mGth3WeB!', 6, 0, ''),
(3, 'bourne', 'bash_$', 2, 0, ''),
(4, 'edsger', 'st1ll1l11lG0O2', 0, 0, ''),
(5, 'wgates', '5il3M4X_m$4L', 1, 0, ''),
(6, 'ace', 'lance', 0, 0, ''),
(7, 'ADMINISTRATOR', 'ADMINISTRATOR', 0, 0, ''),
(8, 'test1', 'test1', 0, 0, '');

-- --------------------------------------------------------

--
-- Table structure for table `votes`
--

CREATE TABLE IF NOT EXISTS `votes` (
  `Uvote` int(11) NOT NULL,
  `Vtype` int(11) NOT NULL,
  `QID` int(11) NOT NULL,
  `AID` int(11) NOT NULL
) ENGINE=InnoDB DEFAULT CHARSET=latin1;

--
-- Dumping data for table `votes`
--

INSERT INTO `votes` (`Uvote`, `Vtype`, `QID`, `AID`) VALUES
(1, 1, 1, 0),
(1, 1, 0, 0),
(1, 1, 2, 0),
(1, 2, 3, 0),
(1, 1, 1, 2),
(6, 1, 6, 0),
(6, 1, 1, 1),
(1, 1, 1, 1),
(3, 1, 1, 2),
(3, 1, 1, 1),
(3, 2, 4, 0),
(3, 1, 10, 0),
(3, 2, 7, 0),
(3, 2, 8, 0),
(3, 1, 1, 2),
(3, 1, 1, 2),
(1, 2, 4, 0);

/*!40101 SET CHARACTER_SET_CLIENT=@OLD_CHARACTER_SET_CLIENT */;
/*!40101 SET CHARACTER_SET_RESULTS=@OLD_CHARACTER_SET_RESULTS */;
/*!40101 SET COLLATION_CONNECTION=@OLD_COLLATION_CONNECTION */;
